ISO-10303-21;
HEADER;
/* Generated by software containing ST-Developer
 * from STEP Tools, Inc. (www.steptools.com) 
 */

FILE_DESCRIPTION(
/* description */ (''),
/* implementation_level */ '2;1');

FILE_NAME(
/* name */ 'Trammel Toy Assembly.step',
/* time_stamp */ '2026-09-20T23:11:32-04:00',
/* author */ (''),
/* organization */ (''),
/* preprocessor_version */ 'ST-DEVELOPER v20.2',
/* originating_system */ 'Autodesk Translation Framework v15.15.0.0',
/* authorisation */ '');

FILE_SCHEMA (('AUTOMOTIVE_DESIGN { 1 0 10303 214 3 1 1 }'));
ENDSEC;

DATA;
#10=MECHANICAL_DESIGN_GEOMETRIC_PRESENTATION_REPRESENTATION('',(#82,#83,
#84,#85,#86,#87,#88,#89,#90),#5782);
#11=TOROIDAL_SURFACE('',#3773,0.0735,0.06);
#12=ELLIPSE('',#3704,0.353553390593273,0.25);
#13=ELLIPSE('',#3705,0.353553390593274,0.25);
#14=ELLIPSE('',#3707,0.353553390593274,0.25);
#15=ELLIPSE('',#3708,0.353553390593273,0.25);
#16=ELLIPSE('',#3714,0.353553390593274,0.25);
#17=ELLIPSE('',#3715,0.353553390593274,0.25);
#18=ELLIPSE('',#3717,0.353553390593274,0.25);
#19=ELLIPSE('',#3718,0.353553390593274,0.25);
#20=ITEM_DEFINED_TRANSFORMATION($,$,#3542,#3598);
#21=ITEM_DEFINED_TRANSFORMATION($,$,#3570,#3599);
#22=ITEM_DEFINED_TRANSFORMATION($,$,#3542,#3674);
#23=ITEM_DEFINED_TRANSFORMATION($,$,#3541,#3675);
#24=ITEM_DEFINED_TRANSFORMATION($,$,#3540,#3828);
#25=ITEM_DEFINED_TRANSFORMATION($,$,#3676,#3829);
#26=ITEM_DEFINED_TRANSFORMATION($,$,#3695,#3830);
#27=ITEM_DEFINED_TRANSFORMATION($,$,#3737,#3831);
#28=ITEM_DEFINED_TRANSFORMATION($,$,#3766,#3832);
#29=ITEM_DEFINED_TRANSFORMATION($,$,#3772,#3833);
#30=ITEM_DEFINED_TRANSFORMATION($,$,#3786,#3834);
#31=(
REPRESENTATION_RELATIONSHIP($,$,#5826,#5825)
REPRESENTATION_RELATIONSHIP_WITH_TRANSFORMATION(#20)
SHAPE_REPRESENTATION_RELATIONSHIP()
);
#32=(
REPRESENTATION_RELATIONSHIP($,$,#5827,#5825)
REPRESENTATION_RELATIONSHIP_WITH_TRANSFORMATION(#21)
SHAPE_REPRESENTATION_RELATIONSHIP()
);
#33=(
REPRESENTATION_RELATIONSHIP($,$,#5826,#5824)
REPRESENTATION_RELATIONSHIP_WITH_TRANSFORMATION(#22)
SHAPE_REPRESENTATION_RELATIONSHIP()
);
#34=(
REPRESENTATION_RELATIONSHIP($,$,#5825,#5824)
REPRESENTATION_RELATIONSHIP_WITH_TRANSFORMATION(#23)
SHAPE_REPRESENTATION_RELATIONSHIP()
);
#35=(
REPRESENTATION_RELATIONSHIP($,$,#5824,#5823)
REPRESENTATION_RELATIONSHIP_WITH_TRANSFORMATION(#24)
SHAPE_REPRESENTATION_RELATIONSHIP()
);
#36=(
REPRESENTATION_RELATIONSHIP($,$,#5828,#5823)
REPRESENTATION_RELATIONSHIP_WITH_TRANSFORMATION(#25)
SHAPE_REPRESENTATION_RELATIONSHIP()
);
#37=(
REPRESENTATION_RELATIONSHIP($,$,#5829,#5823)
REPRESENTATION_RELATIONSHIP_WITH_TRANSFORMATION(#26)
SHAPE_REPRESENTATION_RELATIONSHIP()
);
#38=(
REPRESENTATION_RELATIONSHIP($,$,#5830,#5823)
REPRESENTATION_RELATIONSHIP_WITH_TRANSFORMATION(#27)
SHAPE_REPRESENTATION_RELATIONSHIP()
);
#39=(
REPRESENTATION_RELATIONSHIP($,$,#5831,#5823)
REPRESENTATION_RELATIONSHIP_WITH_TRANSFORMATION(#28)
SHAPE_REPRESENTATION_RELATIONSHIP()
);
#40=(
REPRESENTATION_RELATIONSHIP($,$,#5832,#5823)
REPRESENTATION_RELATIONSHIP_WITH_TRANSFORMATION(#29)
SHAPE_REPRESENTATION_RELATIONSHIP()
);
#41=(
REPRESENTATION_RELATIONSHIP($,$,#5833,#5823)
REPRESENTATION_RELATIONSHIP_WITH_TRANSFORMATION(#30)
SHAPE_REPRESENTATION_RELATIONSHIP()
);
#42=CONTEXT_DEPENDENT_SHAPE_REPRESENTATION(#31,#5806);
#43=CONTEXT_DEPENDENT_SHAPE_REPRESENTATION(#32,#5807);
#44=CONTEXT_DEPENDENT_SHAPE_REPRESENTATION(#33,#5808);
#45=CONTEXT_DEPENDENT_SHAPE_REPRESENTATION(#34,#5809);
#46=CONTEXT_DEPENDENT_SHAPE_REPRESENTATION(#35,#5816);
#47=CONTEXT_DEPENDENT_SHAPE_REPRESENTATION(#36,#5817);
#48=CONTEXT_DEPENDENT_SHAPE_REPRESENTATION(#37,#5818);
#49=CONTEXT_DEPENDENT_SHAPE_REPRESENTATION(#38,#5819);
#50=CONTEXT_DEPENDENT_SHAPE_REPRESENTATION(#39,#5820);
#51=CONTEXT_DEPENDENT_SHAPE_REPRESENTATION(#40,#5821);
#52=CONTEXT_DEPENDENT_SHAPE_REPRESENTATION(#41,#5822);
#53=NEXT_ASSEMBLY_USAGE_OCCURRENCE('T24:2','T24:2','T24:2',#5837,#5838,
'T24:2');
#54=NEXT_ASSEMBLY_USAGE_OCCURRENCE('Trammel T1 v0:1','Trammel T1 v0:1',
'Trammel T1 v0:1',#5837,#5839,'Trammel T1 v0:1');
#55=NEXT_ASSEMBLY_USAGE_OCCURRENCE('T24:1','T24:1','T24:1',#5836,#5838,
'T24:1');
#56=NEXT_ASSEMBLY_USAGE_OCCURRENCE('Component1:1','Component1:1',
'Component1:1',#5836,#5837,'Component1:1');
#57=NEXT_ASSEMBLY_USAGE_OCCURRENCE('Baseplate:1','Baseplate:1',
'Baseplate:1',#5835,#5836,'Baseplate:1');
#58=NEXT_ASSEMBLY_USAGE_OCCURRENCE('Trammel T3 C v0:1',
'Trammel T3 C v0:1','Trammel T3 C v0:1',#5835,#5840,'Trammel T3 C v0:1');
#59=NEXT_ASSEMBLY_USAGE_OCCURRENCE('Pin Slider:1','Pin Slider:1',
'Pin Slider:1',#5835,#5841,'Pin Slider:1');
#60=NEXT_ASSEMBLY_USAGE_OCCURRENCE('Screw Slider Block:1',
'Screw Slider Block:1','Screw Slider Block:1',#5835,#5842,
'Screw Slider Block:1');
#61=NEXT_ASSEMBLY_USAGE_OCCURRENCE('PIN:1','PIN:1','PIN:1',#5835,#5843,
'PIN:1');
#62=NEXT_ASSEMBLY_USAGE_OCCURRENCE('Screw:1','Screw:1','Screw:1',#5835,
#5844,'Screw:1');
#63=NEXT_ASSEMBLY_USAGE_OCCURRENCE('Handle:1','Handle:1','Handle:1',#5835,
#5845,'Handle:1');
#64=SHAPE_REPRESENTATION_RELATIONSHIP('SRR','None',#5826,#73);
#65=SHAPE_REPRESENTATION_RELATIONSHIP('SRR','None',#5827,#74);
#66=SHAPE_REPRESENTATION_RELATIONSHIP('SRR','None',#5824,#75);
#67=SHAPE_REPRESENTATION_RELATIONSHIP('SRR','None',#5828,#76);
#68=SHAPE_REPRESENTATION_RELATIONSHIP('SRR','None',#5829,#77);
#69=SHAPE_REPRESENTATION_RELATIONSHIP('SRR','None',#5830,#78);
#70=SHAPE_REPRESENTATION_RELATIONSHIP('SRR','None',#5831,#79);
#71=SHAPE_REPRESENTATION_RELATIONSHIP('SRR','None',#5832,#80);
#72=SHAPE_REPRESENTATION_RELATIONSHIP('SRR','None',#5833,#81);
#73=ADVANCED_BREP_SHAPE_REPRESENTATION('',(#91),#5774);
#74=ADVANCED_BREP_SHAPE_REPRESENTATION('',(#92),#5775);
#75=ADVANCED_BREP_SHAPE_REPRESENTATION('',(#93),#5772);
#76=ADVANCED_BREP_SHAPE_REPRESENTATION('',(#94),#5776);
#77=ADVANCED_BREP_SHAPE_REPRESENTATION('',(#95),#5777);
#78=ADVANCED_BREP_SHAPE_REPRESENTATION('',(#96),#5778);
#79=ADVANCED_BREP_SHAPE_REPRESENTATION('',(#97),#5779);
#80=ADVANCED_BREP_SHAPE_REPRESENTATION('',(#98),#5780);
#81=ADVANCED_BREP_SHAPE_REPRESENTATION('',(#99),#5781);
#82=STYLED_ITEM('',(#5882),#91);
#83=STYLED_ITEM('',(#5882),#92);
#84=STYLED_ITEM('',(#5882),#93);
#85=STYLED_ITEM('',(#5882),#94);
#86=STYLED_ITEM('',(#5882),#95);
#87=STYLED_ITEM('',(#5882),#96);
#88=STYLED_ITEM('',(#5882),#97);
#89=STYLED_ITEM('',(#5882),#98);
#90=STYLED_ITEM('',(#5882),#99);
#91=MANIFOLD_SOLID_BREP('Body1',#3441);
#92=MANIFOLD_SOLID_BREP('Body1',#3442);
#93=MANIFOLD_SOLID_BREP('Body1',#3443);
#94=MANIFOLD_SOLID_BREP('Body1',#3444);
#95=MANIFOLD_SOLID_BREP('Body1',#3445);
#96=MANIFOLD_SOLID_BREP('Body1',#3446);
#97=MANIFOLD_SOLID_BREP('Body1',#3447);
#98=MANIFOLD_SOLID_BREP('Body1',#3448);
#99=MANIFOLD_SOLID_BREP('Body1',#3449);
#100=LINE('',#4805,#466);
#101=LINE('',#4808,#467);
#102=LINE('',#4818,#468);
#103=LINE('',#4821,#469);
#104=LINE('',#4826,#470);
#105=LINE('',#4828,#471);
#106=LINE('',#4830,#472);
#107=LINE('',#4832,#473);
#108=LINE('',#4836,#474);
#109=LINE('',#4838,#475);
#110=LINE('',#4839,#476);
#111=LINE('',#4843,#477);
#112=LINE('',#4846,#478);
#113=LINE('',#4847,#479);
#114=LINE('',#4850,#480);
#115=LINE('',#4852,#481);
#116=LINE('',#4853,#482);
#117=LINE('',#4856,#483);
#118=LINE('',#4857,#484);
#119=LINE('',#4860,#485);
#120=LINE('',#4861,#486);
#121=LINE('',#4864,#487);
#122=LINE('',#4868,#488);
#123=LINE('',#4869,#489);
#124=LINE('',#4871,#490);
#125=LINE('',#4877,#491);
#126=LINE('',#4879,#492);
#127=LINE('',#4881,#493);
#128=LINE('',#4882,#494);
#129=LINE('',#4885,#495);
#130=LINE('',#4887,#496);
#131=LINE('',#4888,#497);
#132=LINE('',#4891,#498);
#133=LINE('',#4893,#499);
#134=LINE('',#4894,#500);
#135=LINE('',#4896,#501);
#136=LINE('',#4901,#502);
#137=LINE('',#4906,#503);
#138=LINE('',#4908,#504);
#139=LINE('',#4910,#505);
#140=LINE('',#4911,#506);
#141=LINE('',#4914,#507);
#142=LINE('',#4916,#508);
#143=LINE('',#4917,#509);
#144=LINE('',#4920,#510);
#145=LINE('',#4922,#511);
#146=LINE('',#4923,#512);
#147=LINE('',#4926,#513);
#148=LINE('',#4928,#514);
#149=LINE('',#4929,#515);
#150=LINE('',#4932,#516);
#151=LINE('',#4934,#517);
#152=LINE('',#4935,#518);
#153=LINE('',#4937,#519);
#154=LINE('',#4938,#520);
#155=LINE('',#4945,#521);
#156=LINE('',#4947,#522);
#157=LINE('',#4949,#523);
#158=LINE('',#4950,#524);
#159=LINE('',#4956,#525);
#160=LINE('',#4958,#526);
#161=LINE('',#4960,#527);
#162=LINE('',#4961,#528);
#163=LINE('',#4963,#529);
#164=LINE('',#4964,#530);
#165=LINE('',#4967,#531);
#166=LINE('',#4969,#532);
#167=LINE('',#4970,#533);
#168=LINE('',#4972,#534);
#169=LINE('',#4974,#535);
#170=LINE('',#4976,#536);
#171=LINE('',#4977,#537);
#172=LINE('',#4980,#538);
#173=LINE('',#4981,#539);
#174=LINE('',#4984,#540);
#175=LINE('',#4985,#541);
#176=LINE('',#4989,#542);
#177=LINE('',#5001,#543);
#178=LINE('',#5004,#544);
#179=LINE('',#5010,#545);
#180=LINE('',#5016,#546);
#181=LINE('',#5022,#547);
#182=LINE('',#5028,#548);
#183=LINE('',#5033,#549);
#184=LINE('',#5035,#550);
#185=LINE('',#5037,#551);
#186=LINE('',#5038,#552);
#187=LINE('',#5041,#553);
#188=LINE('',#5043,#554);
#189=LINE('',#5044,#555);
#190=LINE('',#5047,#556);
#191=LINE('',#5049,#557);
#192=LINE('',#5050,#558);
#193=LINE('',#5053,#559);
#194=LINE('',#5055,#560);
#195=LINE('',#5056,#561);
#196=LINE('',#5059,#562);
#197=LINE('',#5061,#563);
#198=LINE('',#5062,#564);
#199=LINE('',#5064,#565);
#200=LINE('',#5065,#566);
#201=LINE('',#5072,#567);
#202=LINE('',#5074,#568);
#203=LINE('',#5076,#569);
#204=LINE('',#5077,#570);
#205=LINE('',#5080,#571);
#206=LINE('',#5082,#572);
#207=LINE('',#5083,#573);
#208=LINE('',#5086,#574);
#209=LINE('',#5088,#575);
#210=LINE('',#5089,#576);
#211=LINE('',#5092,#577);
#212=LINE('',#5094,#578);
#213=LINE('',#5095,#579);
#214=LINE('',#5098,#580);
#215=LINE('',#5100,#581);
#216=LINE('',#5101,#582);
#217=LINE('',#5103,#583);
#218=LINE('',#5104,#584);
#219=LINE('',#5111,#585);
#220=LINE('',#5113,#586);
#221=LINE('',#5115,#587);
#222=LINE('',#5116,#588);
#223=LINE('',#5119,#589);
#224=LINE('',#5121,#590);
#225=LINE('',#5122,#591);
#226=LINE('',#5125,#592);
#227=LINE('',#5127,#593);
#228=LINE('',#5128,#594);
#229=LINE('',#5131,#595);
#230=LINE('',#5133,#596);
#231=LINE('',#5134,#597);
#232=LINE('',#5137,#598);
#233=LINE('',#5139,#599);
#234=LINE('',#5140,#600);
#235=LINE('',#5142,#601);
#236=LINE('',#5143,#602);
#237=LINE('',#5150,#603);
#238=LINE('',#5152,#604);
#239=LINE('',#5154,#605);
#240=LINE('',#5155,#606);
#241=LINE('',#5158,#607);
#242=LINE('',#5160,#608);
#243=LINE('',#5161,#609);
#244=LINE('',#5164,#610);
#245=LINE('',#5166,#611);
#246=LINE('',#5167,#612);
#247=LINE('',#5170,#613);
#248=LINE('',#5172,#614);
#249=LINE('',#5173,#615);
#250=LINE('',#5176,#616);
#251=LINE('',#5178,#617);
#252=LINE('',#5179,#618);
#253=LINE('',#5181,#619);
#254=LINE('',#5182,#620);
#255=LINE('',#5189,#621);
#256=LINE('',#5193,#622);
#257=LINE('',#5197,#623);
#258=LINE('',#5201,#624);
#259=LINE('',#5205,#625);
#260=LINE('',#5207,#626);
#261=LINE('',#5209,#627);
#262=LINE('',#5210,#628);
#263=LINE('',#5213,#629);
#264=LINE('',#5215,#630);
#265=LINE('',#5216,#631);
#266=LINE('',#5219,#632);
#267=LINE('',#5221,#633);
#268=LINE('',#5222,#634);
#269=LINE('',#5224,#635);
#270=LINE('',#5225,#636);
#271=LINE('',#5230,#637);
#272=LINE('',#5232,#638);
#273=LINE('',#5234,#639);
#274=LINE('',#5235,#640);
#275=LINE('',#5238,#641);
#276=LINE('',#5240,#642);
#277=LINE('',#5241,#643);
#278=LINE('',#5244,#644);
#279=LINE('',#5246,#645);
#280=LINE('',#5247,#646);
#281=LINE('',#5249,#647);
#282=LINE('',#5252,#648);
#283=LINE('',#5254,#649);
#284=LINE('',#5256,#650);
#285=LINE('',#5258,#651);
#286=LINE('',#5259,#652);
#287=LINE('',#5262,#653);
#288=LINE('',#5264,#654);
#289=LINE('',#5265,#655);
#290=LINE('',#5268,#656);
#291=LINE('',#5270,#657);
#292=LINE('',#5271,#658);
#293=LINE('',#5273,#659);
#294=LINE('',#5274,#660);
#295=LINE('',#5283,#661);
#296=LINE('',#5285,#662);
#297=LINE('',#5287,#663);
#298=LINE('',#5288,#664);
#299=LINE('',#5291,#665);
#300=LINE('',#5293,#666);
#301=LINE('',#5294,#667);
#302=LINE('',#5297,#668);
#303=LINE('',#5299,#669);
#304=LINE('',#5300,#670);
#305=LINE('',#5302,#671);
#306=LINE('',#5303,#672);
#307=LINE('',#5310,#673);
#308=LINE('',#5312,#674);
#309=LINE('',#5314,#675);
#310=LINE('',#5315,#676);
#311=LINE('',#5321,#677);
#312=LINE('',#5323,#678);
#313=LINE('',#5325,#679);
#314=LINE('',#5326,#680);
#315=LINE('',#5328,#681);
#316=LINE('',#5329,#682);
#317=LINE('',#5332,#683);
#318=LINE('',#5334,#684);
#319=LINE('',#5335,#685);
#320=LINE('',#5338,#686);
#321=LINE('',#5340,#687);
#322=LINE('',#5341,#688);
#323=LINE('',#5344,#689);
#324=LINE('',#5345,#690);
#325=LINE('',#5348,#691);
#326=LINE('',#5349,#692);
#327=LINE('',#5353,#693);
#328=LINE('',#5364,#694);
#329=LINE('',#5367,#695);
#330=LINE('',#5374,#696);
#331=LINE('',#5380,#697);
#332=LINE('',#5384,#698);
#333=LINE('',#5388,#699);
#334=LINE('',#5392,#700);
#335=LINE('',#5393,#701);
#336=LINE('',#5396,#702);
#337=LINE('',#5398,#703);
#338=LINE('',#5400,#704);
#339=LINE('',#5404,#705);
#340=LINE('',#5406,#706);
#341=LINE('',#5408,#707);
#342=LINE('',#5409,#708);
#343=LINE('',#5414,#709);
#344=LINE('',#5420,#710);
#345=LINE('',#5424,#711);
#346=LINE('',#5427,#712);
#347=LINE('',#5430,#713);
#348=LINE('',#5431,#714);
#349=LINE('',#5434,#715);
#350=LINE('',#5436,#716);
#351=LINE('',#5438,#717);
#352=LINE('',#5439,#718);
#353=LINE('',#5441,#719);
#354=LINE('',#5443,#720);
#355=LINE('',#5444,#721);
#356=LINE('',#5447,#722);
#357=LINE('',#5448,#723);
#358=LINE('',#5451,#724);
#359=LINE('',#5453,#725);
#360=LINE('',#5454,#726);
#361=LINE('',#5456,#727);
#362=LINE('',#5457,#728);
#363=LINE('',#5460,#729);
#364=LINE('',#5461,#730);
#365=LINE('',#5462,#731);
#366=LINE('',#5465,#732);
#367=LINE('',#5466,#733);
#368=LINE('',#5469,#734);
#369=LINE('',#5470,#735);
#370=LINE('',#5472,#736);
#371=LINE('',#5474,#737);
#372=LINE('',#5476,#738);
#373=LINE('',#5480,#739);
#374=LINE('',#5481,#740);
#375=LINE('',#5483,#741);
#376=LINE('',#5485,#742);
#377=LINE('',#5488,#743);
#378=LINE('',#5495,#744);
#379=LINE('',#5497,#745);
#380=LINE('',#5499,#746);
#381=LINE('',#5500,#747);
#382=LINE('',#5503,#748);
#383=LINE('',#5505,#749);
#384=LINE('',#5506,#750);
#385=LINE('',#5509,#751);
#386=LINE('',#5511,#752);
#387=LINE('',#5512,#753);
#388=LINE('',#5515,#754);
#389=LINE('',#5517,#755);
#390=LINE('',#5518,#756);
#391=LINE('',#5521,#757);
#392=LINE('',#5523,#758);
#393=LINE('',#5524,#759);
#394=LINE('',#5526,#760);
#395=LINE('',#5527,#761);
#396=LINE('',#5534,#762);
#397=LINE('',#5538,#763);
#398=LINE('',#5540,#764);
#399=LINE('',#5542,#765);
#400=LINE('',#5543,#766);
#401=LINE('',#5546,#767);
#402=LINE('',#5548,#768);
#403=LINE('',#5550,#769);
#404=LINE('',#5552,#770);
#405=LINE('',#5554,#771);
#406=LINE('',#5556,#772);
#407=LINE('',#5557,#773);
#408=LINE('',#5560,#774);
#409=LINE('',#5562,#775);
#410=LINE('',#5564,#776);
#411=LINE('',#5566,#777);
#412=LINE('',#5568,#778);
#413=LINE('',#5569,#779);
#414=LINE('',#5572,#780);
#415=LINE('',#5573,#781);
#416=LINE('',#5576,#782);
#417=LINE('',#5578,#783);
#418=LINE('',#5580,#784);
#419=LINE('',#5582,#785);
#420=LINE('',#5584,#786);
#421=LINE('',#5585,#787);
#422=LINE('',#5588,#788);
#423=LINE('',#5589,#789);
#424=LINE('',#5592,#790);
#425=LINE('',#5593,#791);
#426=LINE('',#5596,#792);
#427=LINE('',#5598,#793);
#428=LINE('',#5599,#794);
#429=LINE('',#5602,#795);
#430=LINE('',#5604,#796);
#431=LINE('',#5606,#797);
#432=LINE('',#5607,#798);
#433=LINE('',#5610,#799);
#434=LINE('',#5612,#800);
#435=LINE('',#5613,#801);
#436=LINE('',#5615,#802);
#437=LINE('',#5617,#803);
#438=LINE('',#5619,#804);
#439=LINE('',#5620,#805);
#440=LINE('',#5622,#806);
#441=LINE('',#5623,#807);
#442=LINE('',#5624,#808);
#443=LINE('',#5626,#809);
#444=LINE('',#5628,#810);
#445=LINE('',#5638,#811);
#446=LINE('',#5653,#812);
#447=LINE('',#5661,#813);
#448=LINE('',#5669,#814);
#449=LINE('',#5676,#815);
#450=LINE('',#5682,#816);
#451=LINE('',#5688,#817);
#452=LINE('',#5694,#818);
#453=LINE('',#5700,#819);
#454=LINE('',#5706,#820);
#455=LINE('',#5712,#821);
#456=LINE('',#5718,#822);
#457=LINE('',#5724,#823);
#458=LINE('',#5731,#824);
#459=LINE('',#5734,#825);
#460=LINE('',#5739,#826);
#461=LINE('',#5740,#827);
#462=LINE('',#5745,#828);
#463=LINE('',#5746,#829);
#464=LINE('',#5748,#830);
#465=LINE('',#5750,#831);
#466=VECTOR('',#3853,0.155);
#467=VECTOR('',#3856,0.0885);
#468=VECTOR('',#3869,0.155);
#469=VECTOR('',#3872,0.0885);
#470=VECTOR('',#3877,0.393700787401575);
#471=VECTOR('',#3878,0.393700787401575);
#472=VECTOR('',#3879,0.393700787401575);
#473=VECTOR('',#3880,0.393700787401575);
#474=VECTOR('',#3885,0.393700787401575);
#475=VECTOR('',#3886,0.393700787401575);
#476=VECTOR('',#3887,0.393700787401575);
#477=VECTOR('',#3890,0.393700787401575);
#478=VECTOR('',#3893,0.393700787401575);
#479=VECTOR('',#3894,0.393700787401575);
#480=VECTOR('',#3897,0.393700787401575);
#481=VECTOR('',#3898,0.393700787401575);
#482=VECTOR('',#3899,0.393700787401575);
#483=VECTOR('',#3902,0.393700787401575);
#484=VECTOR('',#3903,0.393700787401575);
#485=VECTOR('',#3906,0.393700787401575);
#486=VECTOR('',#3907,0.393700787401575);
#487=VECTOR('',#3910,0.393700787401575);
#488=VECTOR('',#3915,0.393700787401575);
#489=VECTOR('',#3916,0.393700787401575);
#490=VECTOR('',#3919,0.393700787401575);
#491=VECTOR('',#3926,0.393700787401575);
#492=VECTOR('',#3927,0.393700787401575);
#493=VECTOR('',#3928,0.393700787401575);
#494=VECTOR('',#3929,0.393700787401575);
#495=VECTOR('',#3932,0.393700787401575);
#496=VECTOR('',#3933,0.393700787401575);
#497=VECTOR('',#3934,0.393700787401575);
#498=VECTOR('',#3937,0.393700787401575);
#499=VECTOR('',#3938,0.393700787401575);
#500=VECTOR('',#3939,0.393700787401575);
#501=VECTOR('',#3942,0.393700787401575);
#502=VECTOR('',#3947,0.0885);
#503=VECTOR('',#3952,0.393700787401575);
#504=VECTOR('',#3953,0.393700787401575);
#505=VECTOR('',#3954,0.393700787401575);
#506=VECTOR('',#3955,0.393700787401575);
#507=VECTOR('',#3958,0.393700787401575);
#508=VECTOR('',#3959,0.393700787401575);
#509=VECTOR('',#3960,0.393700787401575);
#510=VECTOR('',#3963,0.393700787401575);
#511=VECTOR('',#3964,0.393700787401575);
#512=VECTOR('',#3965,0.393700787401575);
#513=VECTOR('',#3968,0.393700787401575);
#514=VECTOR('',#3969,0.393700787401575);
#515=VECTOR('',#3970,0.393700787401575);
#516=VECTOR('',#3973,0.393700787401575);
#517=VECTOR('',#3974,0.393700787401575);
#518=VECTOR('',#3975,0.393700787401575);
#519=VECTOR('',#3978,0.393700787401575);
#520=VECTOR('',#3979,0.393700787401575);
#521=VECTOR('',#3986,0.393700787401575);
#522=VECTOR('',#3987,0.393700787401575);
#523=VECTOR('',#3988,0.393700787401575);
#524=VECTOR('',#3989,0.393700787401575);
#525=VECTOR('',#3994,0.393700787401575);
#526=VECTOR('',#3995,0.393700787401575);
#527=VECTOR('',#3996,0.393700787401575);
#528=VECTOR('',#3997,0.393700787401575);
#529=VECTOR('',#4000,0.393700787401575);
#530=VECTOR('',#4001,0.393700787401575);
#531=VECTOR('',#4004,0.393700787401575);
#532=VECTOR('',#4005,0.393700787401575);
#533=VECTOR('',#4006,0.393700787401575);
#534=VECTOR('',#4009,0.393700787401575);
#535=VECTOR('',#4010,0.393700787401575);
#536=VECTOR('',#4011,0.393700787401575);
#537=VECTOR('',#4012,0.393700787401575);
#538=VECTOR('',#4015,0.393700787401575);
#539=VECTOR('',#4016,0.393700787401575);
#540=VECTOR('',#4019,0.393700787401575);
#541=VECTOR('',#4020,0.393700787401575);
#542=VECTOR('',#4027,0.393700787401575);
#543=VECTOR('',#4044,0.15);
#544=VECTOR('',#4047,0.082);
#545=VECTOR('',#4054,0.0984251968503937);
#546=VECTOR('',#4061,0.0984251968503937);
#547=VECTOR('',#4068,0.118110236220472);
#548=VECTOR('',#4075,0.118110236220472);
#549=VECTOR('',#4080,0.393700787401575);
#550=VECTOR('',#4081,0.393700787401575);
#551=VECTOR('',#4082,0.393700787401575);
#552=VECTOR('',#4083,0.393700787401575);
#553=VECTOR('',#4086,0.393700787401575);
#554=VECTOR('',#4087,0.393700787401575);
#555=VECTOR('',#4088,0.393700787401575);
#556=VECTOR('',#4091,0.393700787401575);
#557=VECTOR('',#4092,0.393700787401575);
#558=VECTOR('',#4093,0.393700787401575);
#559=VECTOR('',#4096,0.393700787401575);
#560=VECTOR('',#4097,0.393700787401575);
#561=VECTOR('',#4098,0.393700787401575);
#562=VECTOR('',#4101,0.393700787401575);
#563=VECTOR('',#4102,0.393700787401575);
#564=VECTOR('',#4103,0.393700787401575);
#565=VECTOR('',#4106,0.393700787401575);
#566=VECTOR('',#4107,0.393700787401575);
#567=VECTOR('',#4114,0.393700787401575);
#568=VECTOR('',#4115,0.393700787401575);
#569=VECTOR('',#4116,0.393700787401575);
#570=VECTOR('',#4117,0.393700787401575);
#571=VECTOR('',#4120,0.393700787401575);
#572=VECTOR('',#4121,0.393700787401575);
#573=VECTOR('',#4122,0.393700787401575);
#574=VECTOR('',#4125,0.393700787401575);
#575=VECTOR('',#4126,0.393700787401575);
#576=VECTOR('',#4127,0.393700787401575);
#577=VECTOR('',#4130,0.393700787401575);
#578=VECTOR('',#4131,0.393700787401575);
#579=VECTOR('',#4132,0.393700787401575);
#580=VECTOR('',#4135,0.393700787401575);
#581=VECTOR('',#4136,0.393700787401575);
#582=VECTOR('',#4137,0.393700787401575);
#583=VECTOR('',#4140,0.393700787401575);
#584=VECTOR('',#4141,0.393700787401575);
#585=VECTOR('',#4148,0.393700787401575);
#586=VECTOR('',#4149,0.393700787401575);
#587=VECTOR('',#4150,0.393700787401575);
#588=VECTOR('',#4151,0.393700787401575);
#589=VECTOR('',#4154,0.393700787401575);
#590=VECTOR('',#4155,0.393700787401575);
#591=VECTOR('',#4156,0.393700787401575);
#592=VECTOR('',#4159,0.393700787401575);
#593=VECTOR('',#4160,0.393700787401575);
#594=VECTOR('',#4161,0.393700787401575);
#595=VECTOR('',#4164,0.393700787401575);
#596=VECTOR('',#4165,0.393700787401575);
#597=VECTOR('',#4166,0.393700787401575);
#598=VECTOR('',#4169,0.393700787401575);
#599=VECTOR('',#4170,0.393700787401575);
#600=VECTOR('',#4171,0.393700787401575);
#601=VECTOR('',#4174,0.393700787401575);
#602=VECTOR('',#4175,0.393700787401575);
#603=VECTOR('',#4182,0.393700787401575);
#604=VECTOR('',#4183,0.393700787401575);
#605=VECTOR('',#4184,0.393700787401575);
#606=VECTOR('',#4185,0.393700787401575);
#607=VECTOR('',#4188,0.393700787401575);
#608=VECTOR('',#4189,0.393700787401575);
#609=VECTOR('',#4190,0.393700787401575);
#610=VECTOR('',#4193,0.393700787401575);
#611=VECTOR('',#4194,0.393700787401575);
#612=VECTOR('',#4195,0.393700787401575);
#613=VECTOR('',#4198,0.393700787401575);
#614=VECTOR('',#4199,0.393700787401575);
#615=VECTOR('',#4200,0.393700787401575);
#616=VECTOR('',#4203,0.393700787401575);
#617=VECTOR('',#4204,0.393700787401575);
#618=VECTOR('',#4205,0.393700787401575);
#619=VECTOR('',#4208,0.393700787401575);
#620=VECTOR('',#4209,0.393700787401575);
#621=VECTOR('',#4218,0.082);
#622=VECTOR('',#4223,0.082);
#623=VECTOR('',#4228,0.082);
#624=VECTOR('',#4233,0.082);
#625=VECTOR('',#4236,0.393700787401575);
#626=VECTOR('',#4237,0.393700787401575);
#627=VECTOR('',#4238,0.393700787401575);
#628=VECTOR('',#4239,0.393700787401575);
#629=VECTOR('',#4242,0.393700787401575);
#630=VECTOR('',#4243,0.393700787401575);
#631=VECTOR('',#4244,0.393700787401575);
#632=VECTOR('',#4247,0.393700787401575);
#633=VECTOR('',#4248,0.393700787401575);
#634=VECTOR('',#4249,0.393700787401575);
#635=VECTOR('',#4252,0.393700787401575);
#636=VECTOR('',#4253,0.393700787401575);
#637=VECTOR('',#4258,0.393700787401575);
#638=VECTOR('',#4259,0.393700787401575);
#639=VECTOR('',#4260,0.393700787401575);
#640=VECTOR('',#4261,0.393700787401575);
#641=VECTOR('',#4264,0.393700787401575);
#642=VECTOR('',#4265,0.393700787401575);
#643=VECTOR('',#4266,0.393700787401575);
#644=VECTOR('',#4269,0.393700787401575);
#645=VECTOR('',#4270,0.393700787401575);
#646=VECTOR('',#4271,0.393700787401575);
#647=VECTOR('',#4274,0.393700787401575);
#648=VECTOR('',#4277,0.393700787401575);
#649=VECTOR('',#4278,0.393700787401575);
#650=VECTOR('',#4279,0.393700787401575);
#651=VECTOR('',#4280,0.393700787401575);
#652=VECTOR('',#4281,0.393700787401575);
#653=VECTOR('',#4284,0.393700787401575);
#654=VECTOR('',#4285,0.393700787401575);
#655=VECTOR('',#4286,0.393700787401575);
#656=VECTOR('',#4289,0.393700787401575);
#657=VECTOR('',#4290,0.393700787401575);
#658=VECTOR('',#4291,0.393700787401575);
#659=VECTOR('',#4294,0.393700787401575);
#660=VECTOR('',#4295,0.393700787401575);
#661=VECTOR('',#4308,0.393700787401575);
#662=VECTOR('',#4309,0.393700787401575);
#663=VECTOR('',#4310,0.393700787401575);
#664=VECTOR('',#4311,0.393700787401575);
#665=VECTOR('',#4314,0.393700787401575);
#666=VECTOR('',#4315,0.393700787401575);
#667=VECTOR('',#4316,0.393700787401575);
#668=VECTOR('',#4319,0.393700787401575);
#669=VECTOR('',#4320,0.393700787401575);
#670=VECTOR('',#4321,0.393700787401575);
#671=VECTOR('',#4324,0.393700787401575);
#672=VECTOR('',#4325,0.393700787401575);
#673=VECTOR('',#4332,0.393700787401575);
#674=VECTOR('',#4333,0.393700787401575);
#675=VECTOR('',#4334,0.393700787401575);
#676=VECTOR('',#4335,0.393700787401575);
#677=VECTOR('',#4340,0.393700787401575);
#678=VECTOR('',#4341,0.393700787401575);
#679=VECTOR('',#4342,0.393700787401575);
#680=VECTOR('',#4343,0.393700787401575);
#681=VECTOR('',#4346,0.393700787401575);
#682=VECTOR('',#4347,0.393700787401575);
#683=VECTOR('',#4350,0.393700787401575);
#684=VECTOR('',#4351,0.393700787401575);
#685=VECTOR('',#4352,0.393700787401575);
#686=VECTOR('',#4355,0.393700787401575);
#687=VECTOR('',#4356,0.393700787401575);
#688=VECTOR('',#4357,0.393700787401575);
#689=VECTOR('',#4360,0.393700787401575);
#690=VECTOR('',#4361,0.393700787401575);
#691=VECTOR('',#4364,0.393700787401575);
#692=VECTOR('',#4365,0.393700787401575);
#693=VECTOR('',#4372,0.393700787401575);
#694=VECTOR('',#4387,0.0885);
#695=VECTOR('',#4390,0.0825);
#696=VECTOR('',#4397,0.393700787401575);
#697=VECTOR('',#4402,0.393700787401575);
#698=VECTOR('',#4405,0.393700787401575);
#699=VECTOR('',#4408,0.393700787401575);
#700=VECTOR('',#4413,0.393700787401575);
#701=VECTOR('',#4414,0.393700787401575);
#702=VECTOR('',#4417,0.393700787401575);
#703=VECTOR('',#4418,0.393700787401575);
#704=VECTOR('',#4419,0.393700787401575);
#705=VECTOR('',#4422,0.393700787401575);
#706=VECTOR('',#4423,0.393700787401575);
#707=VECTOR('',#4424,0.393700787401575);
#708=VECTOR('',#4425,0.393700787401575);
#709=VECTOR('',#4430,0.393700787401575);
#710=VECTOR('',#4435,0.393700787401575);
#711=VECTOR('',#4438,0.393700787401575);
#712=VECTOR('',#4441,0.393700787401575);
#713=VECTOR('',#4444,0.393700787401575);
#714=VECTOR('',#4445,0.393700787401575);
#715=VECTOR('',#4448,0.393700787401575);
#716=VECTOR('',#4449,0.393700787401575);
#717=VECTOR('',#4450,0.393700787401575);
#718=VECTOR('',#4451,0.393700787401575);
#719=VECTOR('',#4452,0.393700787401575);
#720=VECTOR('',#4453,0.393700787401575);
#721=VECTOR('',#4454,0.393700787401575);
#722=VECTOR('',#4457,0.393700787401575);
#723=VECTOR('',#4458,0.393700787401575);
#724=VECTOR('',#4461,0.393700787401575);
#725=VECTOR('',#4462,0.393700787401575);
#726=VECTOR('',#4463,0.393700787401575);
#727=VECTOR('',#4464,0.393700787401575);
#728=VECTOR('',#4465,0.393700787401575);
#729=VECTOR('',#4468,0.393700787401575);
#730=VECTOR('',#4469,0.393700787401575);
#731=VECTOR('',#4470,0.393700787401575);
#732=VECTOR('',#4473,0.393700787401575);
#733=VECTOR('',#4474,0.393700787401575);
#734=VECTOR('',#4477,0.393700787401575);
#735=VECTOR('',#4478,0.393700787401575);
#736=VECTOR('',#4481,0.393700787401575);
#737=VECTOR('',#4484,0.393700787401575);
#738=VECTOR('',#4487,0.393700787401575);
#739=VECTOR('',#4492,0.393700787401575);
#740=VECTOR('',#4493,0.393700787401575);
#741=VECTOR('',#4496,0.393700787401575);
#742=VECTOR('',#4499,0.393700787401575);
#743=VECTOR('',#4504,0.393700787401575);
#744=VECTOR('',#4513,0.393700787401575);
#745=VECTOR('',#4514,0.393700787401575);
#746=VECTOR('',#4515,0.393700787401575);
#747=VECTOR('',#4516,0.393700787401575);
#748=VECTOR('',#4519,0.393700787401575);
#749=VECTOR('',#4520,0.393700787401575);
#750=VECTOR('',#4521,0.393700787401575);
#751=VECTOR('',#4524,0.393700787401575);
#752=VECTOR('',#4525,0.393700787401575);
#753=VECTOR('',#4526,0.393700787401575);
#754=VECTOR('',#4529,0.393700787401575);
#755=VECTOR('',#4530,0.393700787401575);
#756=VECTOR('',#4531,0.393700787401575);
#757=VECTOR('',#4534,0.393700787401575);
#758=VECTOR('',#4535,0.393700787401575);
#759=VECTOR('',#4536,0.393700787401575);
#760=VECTOR('',#4539,0.393700787401575);
#761=VECTOR('',#4540,0.393700787401575);
#762=VECTOR('',#4549,0.0885);
#763=VECTOR('',#4552,0.393700787401575);
#764=VECTOR('',#4553,0.393700787401575);
#765=VECTOR('',#4554,0.393700787401575);
#766=VECTOR('',#4555,0.393700787401575);
#767=VECTOR('',#4558,0.393700787401575);
#768=VECTOR('',#4559,0.393700787401575);
#769=VECTOR('',#4560,0.393700787401575);
#770=VECTOR('',#4561,0.393700787401575);
#771=VECTOR('',#4562,0.393700787401575);
#772=VECTOR('',#4563,0.393700787401575);
#773=VECTOR('',#4564,0.393700787401575);
#774=VECTOR('',#4567,0.393700787401575);
#775=VECTOR('',#4568,0.393700787401575);
#776=VECTOR('',#4569,0.393700787401575);
#777=VECTOR('',#4570,0.393700787401575);
#778=VECTOR('',#4571,0.393700787401575);
#779=VECTOR('',#4572,0.393700787401575);
#780=VECTOR('',#4575,0.393700787401575);
#781=VECTOR('',#4576,0.393700787401575);
#782=VECTOR('',#4579,0.393700787401575);
#783=VECTOR('',#4580,0.393700787401575);
#784=VECTOR('',#4581,0.393700787401575);
#785=VECTOR('',#4582,0.393700787401575);
#786=VECTOR('',#4583,0.393700787401575);
#787=VECTOR('',#4584,0.393700787401575);
#788=VECTOR('',#4587,0.393700787401575);
#789=VECTOR('',#4588,0.393700787401575);
#790=VECTOR('',#4591,0.393700787401575);
#791=VECTOR('',#4592,0.393700787401575);
#792=VECTOR('',#4595,0.393700787401575);
#793=VECTOR('',#4596,0.393700787401575);
#794=VECTOR('',#4597,0.393700787401575);
#795=VECTOR('',#4600,0.393700787401575);
#796=VECTOR('',#4601,0.393700787401575);
#797=VECTOR('',#4602,0.393700787401575);
#798=VECTOR('',#4603,0.393700787401575);
#799=VECTOR('',#4606,0.393700787401575);
#800=VECTOR('',#4607,0.393700787401575);
#801=VECTOR('',#4608,0.393700787401575);
#802=VECTOR('',#4611,0.393700787401575);
#803=VECTOR('',#4612,0.393700787401575);
#804=VECTOR('',#4613,0.393700787401575);
#805=VECTOR('',#4614,0.393700787401575);
#806=VECTOR('',#4617,0.393700787401575);
#807=VECTOR('',#4618,0.393700787401575);
#808=VECTOR('',#4619,0.393700787401575);
#809=VECTOR('',#4622,0.393700787401575);
#810=VECTOR('',#4625,0.393700787401575);
#811=VECTOR('',#4640,0.0835);
#812=VECTOR('',#4661,0.1335);
#813=VECTOR('',#4672,0.0835);
#814=VECTOR('',#4683,0.0885);
#815=VECTOR('',#4692,0.0885);
#816=VECTOR('',#4699,0.0885);
#817=VECTOR('',#4706,0.0885);
#818=VECTOR('',#4713,0.0885);
#819=VECTOR('',#4720,0.0885);
#820=VECTOR('',#4727,0.0885);
#821=VECTOR('',#4734,0.0885);
#822=VECTOR('',#4741,0.0885);
#823=VECTOR('',#4748,0.0885);
#824=VECTOR('',#4755,0.393700787401575);
#825=VECTOR('',#4758,0.393700787401575);
#826=VECTOR('',#4763,0.393700787401575);
#827=VECTOR('',#4764,0.393700787401575);
#828=VECTOR('',#4769,0.393700787401575);
#829=VECTOR('',#4770,0.393700787401575);
#830=VECTOR('',#4773,0.393700787401575);
#831=VECTOR('',#4776,0.393700787401575);
#832=CYLINDRICAL_SURFACE('',#3546,0.155);
#833=CYLINDRICAL_SURFACE('',#3548,0.0885);
#834=CYLINDRICAL_SURFACE('',#3553,0.155);
#835=CYLINDRICAL_SURFACE('',#3555,0.0885);
#836=CYLINDRICAL_SURFACE('',#3565,0.275095886524823);
#837=CYLINDRICAL_SURFACE('',#3575,0.0885);
#838=CYLINDRICAL_SURFACE('',#3594,0.275095886524823);
#839=CYLINDRICAL_SURFACE('',#3603,0.15);
#840=CYLINDRICAL_SURFACE('',#3605,0.082);
#841=CYLINDRICAL_SURFACE('',#3607,0.0984251968503937);
#842=CYLINDRICAL_SURFACE('',#3610,0.0984251968503937);
#843=CYLINDRICAL_SURFACE('',#3613,0.118110236220472);
#844=CYLINDRICAL_SURFACE('',#3616,0.118110236220472);
#845=CYLINDRICAL_SURFACE('',#3651,0.082);
#846=CYLINDRICAL_SURFACE('',#3653,0.082);
#847=CYLINDRICAL_SURFACE('',#3655,0.082);
#848=CYLINDRICAL_SURFACE('',#3657,0.082);
#849=CYLINDRICAL_SURFACE('',#3691,0.275095886524823);
#850=CYLINDRICAL_SURFACE('',#3699,0.0885);
#851=CYLINDRICAL_SURFACE('',#3701,0.0825);
#852=CYLINDRICAL_SURFACE('',#3703,0.25);
#853=CYLINDRICAL_SURFACE('',#3713,0.25);
#854=CYLINDRICAL_SURFACE('',#3746,0.0885);
#855=CYLINDRICAL_SURFACE('',#3767,0.0835);
#856=CYLINDRICAL_SURFACE('',#3778,0.1335);
#857=CYLINDRICAL_SURFACE('',#3783,0.0835);
#858=CYLINDRICAL_SURFACE('',#3787,0.0885);
#859=CYLINDRICAL_SURFACE('',#3791,0.0885);
#860=CYLINDRICAL_SURFACE('',#3794,0.0885);
#861=CYLINDRICAL_SURFACE('',#3797,0.0885);
#862=CYLINDRICAL_SURFACE('',#3800,0.0885);
#863=CYLINDRICAL_SURFACE('',#3803,0.0885);
#864=CYLINDRICAL_SURFACE('',#3806,0.0885);
#865=CYLINDRICAL_SURFACE('',#3809,0.0885);
#866=CYLINDRICAL_SURFACE('',#3812,0.0885);
#867=CYLINDRICAL_SURFACE('',#3815,0.0885);
#868=CYLINDRICAL_SURFACE('',#3821,0.25);
#869=CYLINDRICAL_SURFACE('',#3823,0.25);
#870=FACE_BOUND('',#1115,.T.);
#871=FACE_BOUND('',#1119,.T.);
#872=FACE_BOUND('',#1127,.T.);
#873=FACE_BOUND('',#1128,.T.);
#874=FACE_BOUND('',#1134,.T.);
#875=FACE_BOUND('',#1135,.T.);
#876=FACE_BOUND('',#1148,.T.);
#877=FACE_BOUND('',#1155,.T.);
#878=FACE_BOUND('',#1160,.T.);
#879=FACE_BOUND('',#1162,.T.);
#880=FACE_BOUND('',#1176,.T.);
#881=FACE_BOUND('',#1184,.T.);
#882=FACE_BOUND('',#1192,.T.);
#883=FACE_BOUND('',#1200,.T.);
#884=FACE_BOUND('',#1219,.T.);
#885=FACE_BOUND('',#1220,.T.);
#886=FACE_BOUND('',#1221,.T.);
#887=FACE_BOUND('',#1222,.T.);
#888=FACE_BOUND('',#1223,.T.);
#889=FACE_BOUND('',#1224,.T.);
#890=FACE_BOUND('',#1225,.T.);
#891=FACE_BOUND('',#1226,.T.);
#892=FACE_BOUND('',#1227,.T.);
#893=FACE_BOUND('',#1228,.T.);
#894=FACE_BOUND('',#1230,.T.);
#895=FACE_BOUND('',#1231,.T.);
#896=FACE_BOUND('',#1232,.T.);
#897=FACE_BOUND('',#1233,.T.);
#898=FACE_BOUND('',#1234,.T.);
#899=FACE_BOUND('',#1235,.T.);
#900=FACE_BOUND('',#1236,.T.);
#901=FACE_BOUND('',#1237,.T.);
#902=FACE_BOUND('',#1238,.T.);
#903=FACE_BOUND('',#1250,.T.);
#904=FACE_BOUND('',#1256,.T.);
#905=FACE_BOUND('',#1267,.T.);
#906=FACE_BOUND('',#1282,.T.);
#907=FACE_BOUND('',#1290,.T.);
#908=FACE_BOUND('',#1297,.T.);
#909=FACE_BOUND('',#1304,.T.);
#910=FACE_BOUND('',#1319,.T.);
#911=FACE_BOUND('',#1334,.T.);
#912=FACE_BOUND('',#1335,.T.);
#913=FACE_BOUND('',#1336,.T.);
#914=FACE_BOUND('',#1337,.T.);
#915=FACE_BOUND('',#1338,.T.);
#916=FACE_BOUND('',#1339,.T.);
#917=FACE_BOUND('',#1340,.T.);
#918=FACE_BOUND('',#1341,.T.);
#919=FACE_BOUND('',#1342,.T.);
#920=FACE_BOUND('',#1343,.T.);
#921=FACE_BOUND('',#1349,.T.);
#922=FACE_BOUND('',#1350,.T.);
#923=FACE_BOUND('',#1351,.T.);
#924=FACE_BOUND('',#1352,.T.);
#925=FACE_BOUND('',#1353,.T.);
#926=FACE_BOUND('',#1354,.T.);
#927=FACE_BOUND('',#1355,.T.);
#928=FACE_BOUND('',#1356,.T.);
#929=FACE_BOUND('',#1357,.T.);
#930=FACE_OUTER_BOUND('',#1114,.T.);
#931=FACE_OUTER_BOUND('',#1116,.T.);
#932=FACE_OUTER_BOUND('',#1117,.T.);
#933=FACE_OUTER_BOUND('',#1118,.T.);
#934=FACE_OUTER_BOUND('',#1120,.T.);
#935=FACE_OUTER_BOUND('',#1121,.T.);
#936=FACE_OUTER_BOUND('',#1122,.T.);
#937=FACE_OUTER_BOUND('',#1123,.T.);
#938=FACE_OUTER_BOUND('',#1124,.T.);
#939=FACE_OUTER_BOUND('',#1125,.T.);
#940=FACE_OUTER_BOUND('',#1126,.T.);
#941=FACE_OUTER_BOUND('',#1129,.T.);
#942=FACE_OUTER_BOUND('',#1130,.T.);
#943=FACE_OUTER_BOUND('',#1131,.T.);
#944=FACE_OUTER_BOUND('',#1132,.T.);
#945=FACE_OUTER_BOUND('',#1133,.T.);
#946=FACE_OUTER_BOUND('',#1136,.T.);
#947=FACE_OUTER_BOUND('',#1137,.T.);
#948=FACE_OUTER_BOUND('',#1138,.T.);
#949=FACE_OUTER_BOUND('',#1139,.T.);
#950=FACE_OUTER_BOUND('',#1140,.T.);
#951=FACE_OUTER_BOUND('',#1141,.T.);
#952=FACE_OUTER_BOUND('',#1142,.T.);
#953=FACE_OUTER_BOUND('',#1143,.T.);
#954=FACE_OUTER_BOUND('',#1144,.T.);
#955=FACE_OUTER_BOUND('',#1145,.T.);
#956=FACE_OUTER_BOUND('',#1146,.T.);
#957=FACE_OUTER_BOUND('',#1147,.T.);
#958=FACE_OUTER_BOUND('',#1149,.T.);
#959=FACE_OUTER_BOUND('',#1150,.T.);
#960=FACE_OUTER_BOUND('',#1151,.T.);
#961=FACE_OUTER_BOUND('',#1152,.T.);
#962=FACE_OUTER_BOUND('',#1153,.T.);
#963=FACE_OUTER_BOUND('',#1154,.T.);
#964=FACE_OUTER_BOUND('',#1156,.T.);
#965=FACE_OUTER_BOUND('',#1157,.T.);
#966=FACE_OUTER_BOUND('',#1158,.T.);
#967=FACE_OUTER_BOUND('',#1159,.T.);
#968=FACE_OUTER_BOUND('',#1161,.T.);
#969=FACE_OUTER_BOUND('',#1163,.T.);
#970=FACE_OUTER_BOUND('',#1164,.T.);
#971=FACE_OUTER_BOUND('',#1165,.T.);
#972=FACE_OUTER_BOUND('',#1166,.T.);
#973=FACE_OUTER_BOUND('',#1167,.T.);
#974=FACE_OUTER_BOUND('',#1168,.T.);
#975=FACE_OUTER_BOUND('',#1169,.T.);
#976=FACE_OUTER_BOUND('',#1170,.T.);
#977=FACE_OUTER_BOUND('',#1171,.T.);
#978=FACE_OUTER_BOUND('',#1172,.T.);
#979=FACE_OUTER_BOUND('',#1173,.T.);
#980=FACE_OUTER_BOUND('',#1174,.T.);
#981=FACE_OUTER_BOUND('',#1175,.T.);
#982=FACE_OUTER_BOUND('',#1177,.T.);
#983=FACE_OUTER_BOUND('',#1178,.T.);
#984=FACE_OUTER_BOUND('',#1179,.T.);
#985=FACE_OUTER_BOUND('',#1180,.T.);
#986=FACE_OUTER_BOUND('',#1181,.T.);
#987=FACE_OUTER_BOUND('',#1182,.T.);
#988=FACE_OUTER_BOUND('',#1183,.T.);
#989=FACE_OUTER_BOUND('',#1185,.T.);
#990=FACE_OUTER_BOUND('',#1186,.T.);
#991=FACE_OUTER_BOUND('',#1187,.T.);
#992=FACE_OUTER_BOUND('',#1188,.T.);
#993=FACE_OUTER_BOUND('',#1189,.T.);
#994=FACE_OUTER_BOUND('',#1190,.T.);
#995=FACE_OUTER_BOUND('',#1191,.T.);
#996=FACE_OUTER_BOUND('',#1193,.T.);
#997=FACE_OUTER_BOUND('',#1194,.T.);
#998=FACE_OUTER_BOUND('',#1195,.T.);
#999=FACE_OUTER_BOUND('',#1196,.T.);
#1000=FACE_OUTER_BOUND('',#1197,.T.);
#1001=FACE_OUTER_BOUND('',#1198,.T.);
#1002=FACE_OUTER_BOUND('',#1199,.T.);
#1003=FACE_OUTER_BOUND('',#1201,.T.);
#1004=FACE_OUTER_BOUND('',#1202,.T.);
#1005=FACE_OUTER_BOUND('',#1203,.T.);
#1006=FACE_OUTER_BOUND('',#1204,.T.);
#1007=FACE_OUTER_BOUND('',#1205,.T.);
#1008=FACE_OUTER_BOUND('',#1206,.T.);
#1009=FACE_OUTER_BOUND('',#1207,.T.);
#1010=FACE_OUTER_BOUND('',#1208,.T.);
#1011=FACE_OUTER_BOUND('',#1209,.T.);
#1012=FACE_OUTER_BOUND('',#1210,.T.);
#1013=FACE_OUTER_BOUND('',#1211,.T.);
#1014=FACE_OUTER_BOUND('',#1212,.T.);
#1015=FACE_OUTER_BOUND('',#1213,.T.);
#1016=FACE_OUTER_BOUND('',#1214,.T.);
#1017=FACE_OUTER_BOUND('',#1215,.T.);
#1018=FACE_OUTER_BOUND('',#1216,.T.);
#1019=FACE_OUTER_BOUND('',#1217,.T.);
#1020=FACE_OUTER_BOUND('',#1218,.T.);
#1021=FACE_OUTER_BOUND('',#1229,.T.);
#1022=FACE_OUTER_BOUND('',#1239,.T.);
#1023=FACE_OUTER_BOUND('',#1240,.T.);
#1024=FACE_OUTER_BOUND('',#1241,.T.);
#1025=FACE_OUTER_BOUND('',#1242,.T.);
#1026=FACE_OUTER_BOUND('',#1243,.T.);
#1027=FACE_OUTER_BOUND('',#1244,.T.);
#1028=FACE_OUTER_BOUND('',#1245,.T.);
#1029=FACE_OUTER_BOUND('',#1246,.T.);
#1030=FACE_OUTER_BOUND('',#1247,.T.);
#1031=FACE_OUTER_BOUND('',#1248,.T.);
#1032=FACE_OUTER_BOUND('',#1249,.T.);
#1033=FACE_OUTER_BOUND('',#1251,.T.);
#1034=FACE_OUTER_BOUND('',#1252,.T.);
#1035=FACE_OUTER_BOUND('',#1253,.T.);
#1036=FACE_OUTER_BOUND('',#1254,.T.);
#1037=FACE_OUTER_BOUND('',#1255,.T.);
#1038=FACE_OUTER_BOUND('',#1257,.T.);
#1039=FACE_OUTER_BOUND('',#1258,.T.);
#1040=FACE_OUTER_BOUND('',#1259,.T.);
#1041=FACE_OUTER_BOUND('',#1260,.T.);
#1042=FACE_OUTER_BOUND('',#1261,.T.);
#1043=FACE_OUTER_BOUND('',#1262,.T.);
#1044=FACE_OUTER_BOUND('',#1263,.T.);
#1045=FACE_OUTER_BOUND('',#1264,.T.);
#1046=FACE_OUTER_BOUND('',#1265,.T.);
#1047=FACE_OUTER_BOUND('',#1266,.T.);
#1048=FACE_OUTER_BOUND('',#1268,.T.);
#1049=FACE_OUTER_BOUND('',#1269,.T.);
#1050=FACE_OUTER_BOUND('',#1270,.T.);
#1051=FACE_OUTER_BOUND('',#1271,.T.);
#1052=FACE_OUTER_BOUND('',#1272,.T.);
#1053=FACE_OUTER_BOUND('',#1273,.T.);
#1054=FACE_OUTER_BOUND('',#1274,.T.);
#1055=FACE_OUTER_BOUND('',#1275,.T.);
#1056=FACE_OUTER_BOUND('',#1276,.T.);
#1057=FACE_OUTER_BOUND('',#1277,.T.);
#1058=FACE_OUTER_BOUND('',#1278,.T.);
#1059=FACE_OUTER_BOUND('',#1279,.T.);
#1060=FACE_OUTER_BOUND('',#1280,.T.);
#1061=FACE_OUTER_BOUND('',#1281,.T.);
#1062=FACE_OUTER_BOUND('',#1283,.T.);
#1063=FACE_OUTER_BOUND('',#1284,.T.);
#1064=FACE_OUTER_BOUND('',#1285,.T.);
#1065=FACE_OUTER_BOUND('',#1286,.T.);
#1066=FACE_OUTER_BOUND('',#1287,.T.);
#1067=FACE_OUTER_BOUND('',#1288,.T.);
#1068=FACE_OUTER_BOUND('',#1289,.T.);
#1069=FACE_OUTER_BOUND('',#1291,.T.);
#1070=FACE_OUTER_BOUND('',#1292,.T.);
#1071=FACE_OUTER_BOUND('',#1293,.T.);
#1072=FACE_OUTER_BOUND('',#1294,.T.);
#1073=FACE_OUTER_BOUND('',#1295,.T.);
#1074=FACE_OUTER_BOUND('',#1296,.T.);
#1075=FACE_OUTER_BOUND('',#1298,.T.);
#1076=FACE_OUTER_BOUND('',#1299,.T.);
#1077=FACE_OUTER_BOUND('',#1300,.T.);
#1078=FACE_OUTER_BOUND('',#1301,.T.);
#1079=FACE_OUTER_BOUND('',#1302,.T.);
#1080=FACE_OUTER_BOUND('',#1303,.T.);
#1081=FACE_OUTER_BOUND('',#1305,.T.);
#1082=FACE_OUTER_BOUND('',#1306,.T.);
#1083=FACE_OUTER_BOUND('',#1307,.T.);
#1084=FACE_OUTER_BOUND('',#1308,.T.);
#1085=FACE_OUTER_BOUND('',#1309,.T.);
#1086=FACE_OUTER_BOUND('',#1310,.T.);
#1087=FACE_OUTER_BOUND('',#1311,.T.);
#1088=FACE_OUTER_BOUND('',#1312,.T.);
#1089=FACE_OUTER_BOUND('',#1313,.T.);
#1090=FACE_OUTER_BOUND('',#1314,.T.);
#1091=FACE_OUTER_BOUND('',#1315,.T.);
#1092=FACE_OUTER_BOUND('',#1316,.T.);
#1093=FACE_OUTER_BOUND('',#1317,.T.);
#1094=FACE_OUTER_BOUND('',#1318,.T.);
#1095=FACE_OUTER_BOUND('',#1320,.T.);
#1096=FACE_OUTER_BOUND('',#1321,.T.);
#1097=FACE_OUTER_BOUND('',#1322,.T.);
#1098=FACE_OUTER_BOUND('',#1323,.T.);
#1099=FACE_OUTER_BOUND('',#1324,.T.);
#1100=FACE_OUTER_BOUND('',#1325,.T.);
#1101=FACE_OUTER_BOUND('',#1326,.T.);
#1102=FACE_OUTER_BOUND('',#1327,.T.);
#1103=FACE_OUTER_BOUND('',#1328,.T.);
#1104=FACE_OUTER_BOUND('',#1329,.T.);
#1105=FACE_OUTER_BOUND('',#1330,.T.);
#1106=FACE_OUTER_BOUND('',#1331,.T.);
#1107=FACE_OUTER_BOUND('',#1332,.T.);
#1108=FACE_OUTER_BOUND('',#1333,.T.);
#1109=FACE_OUTER_BOUND('',#1344,.T.);
#1110=FACE_OUTER_BOUND('',#1345,.T.);
#1111=FACE_OUTER_BOUND('',#1346,.T.);
#1112=FACE_OUTER_BOUND('',#1347,.T.);
#1113=FACE_OUTER_BOUND('',#1348,.T.);
#1114=EDGE_LOOP('',(#2200));
#1115=EDGE_LOOP('',(#2201));
#1116=EDGE_LOOP('',(#2202,#2203,#2204,#2205));
#1117=EDGE_LOOP('',(#2206,#2207,#2208,#2209));
#1118=EDGE_LOOP('',(#2210));
#1119=EDGE_LOOP('',(#2211));
#1120=EDGE_LOOP('',(#2212,#2213,#2214,#2215));
#1121=EDGE_LOOP('',(#2216,#2217,#2218,#2219));
#1122=EDGE_LOOP('',(#2220,#2221,#2222,#2223,#2224));
#1123=EDGE_LOOP('',(#2225,#2226,#2227,#2228));
#1124=EDGE_LOOP('',(#2229,#2230,#2231,#2232,#2233));
#1125=EDGE_LOOP('',(#2234,#2235,#2236,#2237,#2238,#2239));
#1126=EDGE_LOOP('',(#2240,#2241,#2242,#2243));
#1127=EDGE_LOOP('',(#2244));
#1128=EDGE_LOOP('',(#2245));
#1129=EDGE_LOOP('',(#2246,#2247,#2248,#2249));
#1130=EDGE_LOOP('',(#2250,#2251,#2252,#2253,#2254,#2255));
#1131=EDGE_LOOP('',(#2256,#2257,#2258,#2259));
#1132=EDGE_LOOP('',(#2260,#2261,#2262,#2263,#2264,#2265));
#1133=EDGE_LOOP('',(#2266,#2267,#2268,#2269));
#1134=EDGE_LOOP('',(#2270));
#1135=EDGE_LOOP('',(#2271));
#1136=EDGE_LOOP('',(#2272,#2273,#2274,#2275));
#1137=EDGE_LOOP('',(#2276,#2277,#2278,#2279));
#1138=EDGE_LOOP('',(#2280,#2281,#2282,#2283));
#1139=EDGE_LOOP('',(#2284,#2285,#2286,#2287));
#1140=EDGE_LOOP('',(#2288,#2289,#2290,#2291));
#1141=EDGE_LOOP('',(#2292,#2293,#2294,#2295));
#1142=EDGE_LOOP('',(#2296,#2297,#2298,#2299));
#1143=EDGE_LOOP('',(#2300,#2301,#2302,#2303));
#1144=EDGE_LOOP('',(#2304,#2305,#2306,#2307));
#1145=EDGE_LOOP('',(#2308,#2309,#2310,#2311));
#1146=EDGE_LOOP('',(#2312,#2313,#2314,#2315));
#1147=EDGE_LOOP('',(#2316,#2317,#2318,#2319,#2320,#2321));
#1148=EDGE_LOOP('',(#2322));
#1149=EDGE_LOOP('',(#2323,#2324,#2325,#2326,#2327));
#1150=EDGE_LOOP('',(#2328,#2329,#2330,#2331,#2332));
#1151=EDGE_LOOP('',(#2333,#2334,#2335,#2336));
#1152=EDGE_LOOP('',(#2337,#2338,#2339,#2340));
#1153=EDGE_LOOP('',(#2341,#2342,#2343,#2344,#2345,#2346,#2347,#2348,#2349,
#2350));
#1154=EDGE_LOOP('',(#2351,#2352,#2353,#2354,#2355,#2356,#2357,#2358));
#1155=EDGE_LOOP('',(#2359));
#1156=EDGE_LOOP('',(#2360,#2361,#2362,#2363));
#1157=EDGE_LOOP('',(#2364,#2365,#2366,#2367,#2368,#2369));
#1158=EDGE_LOOP('',(#2370,#2371,#2372,#2373,#2374,#2375));
#1159=EDGE_LOOP('',(#2376,#2377,#2378,#2379));
#1160=EDGE_LOOP('',(#2380,#2381,#2382,#2383,#2384,#2385));
#1161=EDGE_LOOP('',(#2386));
#1162=EDGE_LOOP('',(#2387));
#1163=EDGE_LOOP('',(#2388,#2389,#2390,#2391));
#1164=EDGE_LOOP('',(#2392,#2393,#2394,#2395));
#1165=EDGE_LOOP('',(#2396,#2397,#2398,#2399));
#1166=EDGE_LOOP('',(#2400,#2401,#2402,#2403));
#1167=EDGE_LOOP('',(#2404,#2405,#2406,#2407));
#1168=EDGE_LOOP('',(#2408,#2409,#2410,#2411));
#1169=EDGE_LOOP('',(#2412,#2413,#2414,#2415));
#1170=EDGE_LOOP('',(#2416,#2417,#2418,#2419));
#1171=EDGE_LOOP('',(#2420,#2421,#2422,#2423));
#1172=EDGE_LOOP('',(#2424,#2425,#2426,#2427));
#1173=EDGE_LOOP('',(#2428,#2429,#2430,#2431));
#1174=EDGE_LOOP('',(#2432,#2433,#2434,#2435));
#1175=EDGE_LOOP('',(#2436,#2437,#2438,#2439,#2440,#2441));
#1176=EDGE_LOOP('',(#2442));
#1177=EDGE_LOOP('',(#2443,#2444,#2445,#2446));
#1178=EDGE_LOOP('',(#2447,#2448,#2449,#2450));
#1179=EDGE_LOOP('',(#2451,#2452,#2453,#2454));
#1180=EDGE_LOOP('',(#2455,#2456,#2457,#2458));
#1181=EDGE_LOOP('',(#2459,#2460,#2461,#2462));
#1182=EDGE_LOOP('',(#2463,#2464,#2465,#2466));
#1183=EDGE_LOOP('',(#2467,#2468,#2469,#2470,#2471,#2472));
#1184=EDGE_LOOP('',(#2473));
#1185=EDGE_LOOP('',(#2474,#2475,#2476,#2477));
#1186=EDGE_LOOP('',(#2478,#2479,#2480,#2481));
#1187=EDGE_LOOP('',(#2482,#2483,#2484,#2485));
#1188=EDGE_LOOP('',(#2486,#2487,#2488,#2489));
#1189=EDGE_LOOP('',(#2490,#2491,#2492,#2493));
#1190=EDGE_LOOP('',(#2494,#2495,#2496,#2497));
#1191=EDGE_LOOP('',(#2498,#2499,#2500,#2501,#2502,#2503));
#1192=EDGE_LOOP('',(#2504));
#1193=EDGE_LOOP('',(#2505,#2506,#2507,#2508));
#1194=EDGE_LOOP('',(#2509,#2510,#2511,#2512));
#1195=EDGE_LOOP('',(#2513,#2514,#2515,#2516));
#1196=EDGE_LOOP('',(#2517,#2518,#2519,#2520));
#1197=EDGE_LOOP('',(#2521,#2522,#2523,#2524));
#1198=EDGE_LOOP('',(#2525,#2526,#2527,#2528));
#1199=EDGE_LOOP('',(#2529,#2530,#2531,#2532,#2533,#2534));
#1200=EDGE_LOOP('',(#2535));
#1201=EDGE_LOOP('',(#2536,#2537,#2538,#2539));
#1202=EDGE_LOOP('',(#2540,#2541,#2542,#2543));
#1203=EDGE_LOOP('',(#2544,#2545,#2546,#2547));
#1204=EDGE_LOOP('',(#2548,#2549,#2550,#2551));
#1205=EDGE_LOOP('',(#2552,#2553,#2554,#2555));
#1206=EDGE_LOOP('',(#2556,#2557,#2558,#2559));
#1207=EDGE_LOOP('',(#2560,#2561,#2562,#2563));
#1208=EDGE_LOOP('',(#2564,#2565,#2566,#2567));
#1209=EDGE_LOOP('',(#2568,#2569,#2570,#2571));
#1210=EDGE_LOOP('',(#2572,#2573,#2574,#2575));
#1211=EDGE_LOOP('',(#2576,#2577,#2578,#2579));
#1212=EDGE_LOOP('',(#2580,#2581,#2582,#2583));
#1213=EDGE_LOOP('',(#2584,#2585,#2586,#2587));
#1214=EDGE_LOOP('',(#2588,#2589,#2590,#2591,#2592,#2593,#2594,#2595));
#1215=EDGE_LOOP('',(#2596,#2597,#2598,#2599));
#1216=EDGE_LOOP('',(#2600,#2601,#2602,#2603));
#1217=EDGE_LOOP('',(#2604,#2605,#2606,#2607));
#1218=EDGE_LOOP('',(#2608,#2609,#2610,#2611,#2612,#2613,#2614,#2615));
#1219=EDGE_LOOP('',(#2616));
#1220=EDGE_LOOP('',(#2617));
#1221=EDGE_LOOP('',(#2618));
#1222=EDGE_LOOP('',(#2619));
#1223=EDGE_LOOP('',(#2620));
#1224=EDGE_LOOP('',(#2621));
#1225=EDGE_LOOP('',(#2622));
#1226=EDGE_LOOP('',(#2623));
#1227=EDGE_LOOP('',(#2624));
#1228=EDGE_LOOP('',(#2625,#2626,#2627,#2628));
#1229=EDGE_LOOP('',(#2629,#2630,#2631,#2632));
#1230=EDGE_LOOP('',(#2633));
#1231=EDGE_LOOP('',(#2634));
#1232=EDGE_LOOP('',(#2635));
#1233=EDGE_LOOP('',(#2636));
#1234=EDGE_LOOP('',(#2637));
#1235=EDGE_LOOP('',(#2638,#2639,#2640,#2641,#2642,#2643));
#1236=EDGE_LOOP('',(#2644,#2645,#2646,#2647,#2648,#2649));
#1237=EDGE_LOOP('',(#2650,#2651,#2652,#2653,#2654,#2655));
#1238=EDGE_LOOP('',(#2656,#2657,#2658,#2659,#2660,#2661));
#1239=EDGE_LOOP('',(#2662,#2663,#2664,#2665));
#1240=EDGE_LOOP('',(#2666,#2667,#2668,#2669));
#1241=EDGE_LOOP('',(#2670,#2671,#2672,#2673));
#1242=EDGE_LOOP('',(#2674,#2675,#2676,#2677));
#1243=EDGE_LOOP('',(#2678,#2679,#2680,#2681));
#1244=EDGE_LOOP('',(#2682,#2683,#2684,#2685,#2686));
#1245=EDGE_LOOP('',(#2687,#2688,#2689,#2690,#2691));
#1246=EDGE_LOOP('',(#2692,#2693,#2694,#2695));
#1247=EDGE_LOOP('',(#2696,#2697,#2698,#2699));
#1248=EDGE_LOOP('',(#2700,#2701,#2702,#2703,#2704,#2705));
#1249=EDGE_LOOP('',(#2706,#2707,#2708,#2709));
#1250=EDGE_LOOP('',(#2710,#2711,#2712,#2713));
#1251=EDGE_LOOP('',(#2714,#2715,#2716,#2717));
#1252=EDGE_LOOP('',(#2718,#2719,#2720,#2721,#2722,#2723));
#1253=EDGE_LOOP('',(#2724,#2725,#2726,#2727,#2728,#2729));
#1254=EDGE_LOOP('',(#2730,#2731,#2732,#2733));
#1255=EDGE_LOOP('',(#2734));
#1256=EDGE_LOOP('',(#2735));
#1257=EDGE_LOOP('',(#2736,#2737,#2738,#2739));
#1258=EDGE_LOOP('',(#2740,#2741,#2742,#2743));
#1259=EDGE_LOOP('',(#2744,#2745,#2746,#2747,#2748,#2749,#2750,#2751,#2752,
#2753));
#1260=EDGE_LOOP('',(#2754,#2755,#2756));
#1261=EDGE_LOOP('',(#2757,#2758,#2759,#2760,#2761,#2762,#2763,#2764,#2765,
#2766));
#1262=EDGE_LOOP('',(#2767,#2768,#2769,#2770,#2771,#2772,#2773,#2774,#2775,
#2776));
#1263=EDGE_LOOP('',(#2777,#2778,#2779));
#1264=EDGE_LOOP('',(#2780,#2781,#2782,#2783,#2784,#2785,#2786,#2787,#2788,
#2789));
#1265=EDGE_LOOP('',(#2790,#2791,#2792,#2793));
#1266=EDGE_LOOP('',(#2794,#2795,#2796,#2797,#2798,#2799,#2800,#2801));
#1267=EDGE_LOOP('',(#2802));
#1268=EDGE_LOOP('',(#2803,#2804,#2805,#2806,#2807));
#1269=EDGE_LOOP('',(#2808,#2809,#2810,#2811));
#1270=EDGE_LOOP('',(#2812,#2813,#2814,#2815,#2816));
#1271=EDGE_LOOP('',(#2817,#2818,#2819,#2820));
#1272=EDGE_LOOP('',(#2821,#2822,#2823,#2824));
#1273=EDGE_LOOP('',(#2825,#2826,#2827));
#1274=EDGE_LOOP('',(#2828,#2829,#2830,#2831));
#1275=EDGE_LOOP('',(#2832,#2833,#2834,#2835,#2836));
#1276=EDGE_LOOP('',(#2837,#2838,#2839,#2840));
#1277=EDGE_LOOP('',(#2841,#2842,#2843,#2844));
#1278=EDGE_LOOP('',(#2845,#2846,#2847));
#1279=EDGE_LOOP('',(#2848,#2849,#2850,#2851,#2852));
#1280=EDGE_LOOP('',(#2853,#2854,#2855,#2856));
#1281=EDGE_LOOP('',(#2857,#2858,#2859,#2860,#2861,#2862,#2863,#2864));
#1282=EDGE_LOOP('',(#2865));
#1283=EDGE_LOOP('',(#2866,#2867,#2868,#2869));
#1284=EDGE_LOOP('',(#2870,#2871,#2872,#2873));
#1285=EDGE_LOOP('',(#2874,#2875,#2876,#2877));
#1286=EDGE_LOOP('',(#2878,#2879,#2880,#2881));
#1287=EDGE_LOOP('',(#2882,#2883,#2884,#2885));
#1288=EDGE_LOOP('',(#2886,#2887,#2888,#2889));
#1289=EDGE_LOOP('',(#2890,#2891,#2892,#2893,#2894,#2895));
#1290=EDGE_LOOP('',(#2896));
#1291=EDGE_LOOP('',(#2897,#2898,#2899,#2900));
#1292=EDGE_LOOP('',(#2901,#2902,#2903,#2904));
#1293=EDGE_LOOP('',(#2905,#2906,#2907,#2908,#2909,#2910,#2911,#2912));
#1294=EDGE_LOOP('',(#2913,#2914,#2915,#2916,#2917,#2918,#2919,#2920));
#1295=EDGE_LOOP('',(#2921,#2922,#2923,#2924));
#1296=EDGE_LOOP('',(#2925,#2926,#2927,#2928,#2929,#2930,#2931,#2932));
#1297=EDGE_LOOP('',(#2933));
#1298=EDGE_LOOP('',(#2934,#2935,#2936,#2937));
#1299=EDGE_LOOP('',(#2938,#2939,#2940,#2941));
#1300=EDGE_LOOP('',(#2942,#2943,#2944,#2945));
#1301=EDGE_LOOP('',(#2946,#2947,#2948,#2949,#2950,#2951,#2952,#2953));
#1302=EDGE_LOOP('',(#2954,#2955,#2956,#2957));
#1303=EDGE_LOOP('',(#2958,#2959,#2960,#2961,#2962,#2963,#2964,#2965));
#1304=EDGE_LOOP('',(#2966,#2967,#2968,#2969,#2970,#2971));
#1305=EDGE_LOOP('',(#2972,#2973,#2974,#2975,#2976,#2977,#2978,#2979));
#1306=EDGE_LOOP('',(#2980,#2981,#2982,#2983));
#1307=EDGE_LOOP('',(#2984,#2985,#2986,#2987));
#1308=EDGE_LOOP('',(#2988,#2989,#2990,#2991));
#1309=EDGE_LOOP('',(#2992,#2993,#2994,#2995));
#1310=EDGE_LOOP('',(#2996,#2997,#2998,#2999));
#1311=EDGE_LOOP('',(#3000,#3001,#3002,#3003));
#1312=EDGE_LOOP('',(#3004,#3005,#3006,#3007));
#1313=EDGE_LOOP('',(#3008));
#1314=EDGE_LOOP('',(#3009));
#1315=EDGE_LOOP('',(#3010,#3011,#3012,#3013,#3014));
#1316=EDGE_LOOP('',(#3015,#3016,#3017,#3018,#3019));
#1317=EDGE_LOOP('',(#3020));
#1318=EDGE_LOOP('',(#3021));
#1319=EDGE_LOOP('',(#3022));
#1320=EDGE_LOOP('',(#3023,#3024,#3025,#3026));
#1321=EDGE_LOOP('',(#3027));
#1322=EDGE_LOOP('',(#3028,#3029,#3030,#3031));
#1323=EDGE_LOOP('',(#3032));
#1324=EDGE_LOOP('',(#3033,#3034,#3035,#3036));
#1325=EDGE_LOOP('',(#3037,#3038,#3039,#3040));
#1326=EDGE_LOOP('',(#3041,#3042,#3043,#3044));
#1327=EDGE_LOOP('',(#3045,#3046,#3047,#3048));
#1328=EDGE_LOOP('',(#3049,#3050,#3051,#3052));
#1329=EDGE_LOOP('',(#3053,#3054,#3055,#3056));
#1330=EDGE_LOOP('',(#3057,#3058,#3059,#3060));
#1331=EDGE_LOOP('',(#3061,#3062,#3063,#3064));
#1332=EDGE_LOOP('',(#3065,#3066,#3067,#3068));
#1333=EDGE_LOOP('',(#3069,#3070,#3071,#3072));
#1334=EDGE_LOOP('',(#3073));
#1335=EDGE_LOOP('',(#3074));
#1336=EDGE_LOOP('',(#3075));
#1337=EDGE_LOOP('',(#3076));
#1338=EDGE_LOOP('',(#3077));
#1339=EDGE_LOOP('',(#3078));
#1340=EDGE_LOOP('',(#3079));
#1341=EDGE_LOOP('',(#3080));
#1342=EDGE_LOOP('',(#3081));
#1343=EDGE_LOOP('',(#3082));
#1344=EDGE_LOOP('',(#3083,#3084,#3085,#3086));
#1345=EDGE_LOOP('',(#3087,#3088,#3089,#3090));
#1346=EDGE_LOOP('',(#3091,#3092,#3093,#3094));
#1347=EDGE_LOOP('',(#3095,#3096,#3097,#3098));
#1348=EDGE_LOOP('',(#3099,#3100,#3101,#3102));
#1349=EDGE_LOOP('',(#3103));
#1350=EDGE_LOOP('',(#3104));
#1351=EDGE_LOOP('',(#3105));
#1352=EDGE_LOOP('',(#3106));
#1353=EDGE_LOOP('',(#3107));
#1354=EDGE_LOOP('',(#3108));
#1355=EDGE_LOOP('',(#3109));
#1356=EDGE_LOOP('',(#3110));
#1357=EDGE_LOOP('',(#3111));
#1358=CIRCLE('',#3544,0.155);
#1359=CIRCLE('',#3545,0.0885);
#1360=CIRCLE('',#3547,0.155);
#1361=CIRCLE('',#3549,0.0885);
#1362=CIRCLE('',#3551,0.155);
#1363=CIRCLE('',#3552,0.0885);
#1364=CIRCLE('',#3554,0.155);
#1365=CIRCLE('',#3556,0.0885);
#1366=CIRCLE('',#3558,0.275095886524823);
#1367=CIRCLE('',#3561,0.275095886524823);
#1368=CIRCLE('',#3566,0.275095886524823);
#1369=CIRCLE('',#3576,0.0885);
#1370=CIRCLE('',#3577,0.0885);
#1371=CIRCLE('',#3586,0.275095886524823);
#1372=CIRCLE('',#3588,0.275095886524823);
#1373=CIRCLE('',#3595,0.275095886524823);
#1374=CIRCLE('',#3601,0.15);
#1375=CIRCLE('',#3602,0.082);
#1376=CIRCLE('',#3604,0.15);
#1377=CIRCLE('',#3606,0.082);
#1378=CIRCLE('',#3608,0.0984251968503937);
#1379=CIRCLE('',#3609,0.0984251968503937);
#1380=CIRCLE('',#3611,0.0984251968503937);
#1381=CIRCLE('',#3612,0.0984251968503937);
#1382=CIRCLE('',#3614,0.118110236220472);
#1383=CIRCLE('',#3615,0.118110236220472);
#1384=CIRCLE('',#3617,0.118110236220472);
#1385=CIRCLE('',#3618,0.118110236220472);
#1386=CIRCLE('',#3626,0.082);
#1387=CIRCLE('',#3634,0.082);
#1388=CIRCLE('',#3642,0.082);
#1389=CIRCLE('',#3650,0.082);
#1390=CIRCLE('',#3652,0.082);
#1391=CIRCLE('',#3654,0.082);
#1392=CIRCLE('',#3656,0.082);
#1393=CIRCLE('',#3658,0.082);
#1394=CIRCLE('',#3683,0.275095886524823);
#1395=CIRCLE('',#3685,0.275095886524823);
#1396=CIRCLE('',#3692,0.275095886524823);
#1397=CIRCLE('',#3697,0.0885);
#1398=CIRCLE('',#3698,0.0825);
#1399=CIRCLE('',#3700,0.0885);
#1400=CIRCLE('',#3702,0.0825000000000001);
#1401=CIRCLE('',#3706,0.25);
#1402=CIRCLE('',#3709,0.25);
#1403=CIRCLE('',#3712,0.25);
#1404=CIRCLE('',#3716,0.25);
#1405=CIRCLE('',#3745,0.0885);
#1406=CIRCLE('',#3747,0.0885);
#1407=CIRCLE('',#3768,0.0835);
#1408=CIRCLE('',#3769,0.0835);
#1409=CIRCLE('',#3774,0.0735);
#1410=CIRCLE('',#3775,0.06);
#1411=CIRCLE('',#3776,0.1335);
#1412=CIRCLE('',#3777,0.1335);
#1413=CIRCLE('',#3779,0.1335);
#1414=CIRCLE('',#3782,0.0835);
#1415=CIRCLE('',#3784,0.0835);
#1416=CIRCLE('',#3788,0.0885);
#1417=CIRCLE('',#3789,0.0885);
#1418=CIRCLE('',#3792,0.0885);
#1419=CIRCLE('',#3793,0.0885);
#1420=CIRCLE('',#3795,0.0885);
#1421=CIRCLE('',#3796,0.0885);
#1422=CIRCLE('',#3798,0.0885);
#1423=CIRCLE('',#3799,0.0885);
#1424=CIRCLE('',#3801,0.0885);
#1425=CIRCLE('',#3802,0.0885);
#1426=CIRCLE('',#3804,0.0885);
#1427=CIRCLE('',#3805,0.0885);
#1428=CIRCLE('',#3807,0.0885);
#1429=CIRCLE('',#3808,0.0885);
#1430=CIRCLE('',#3810,0.0885);
#1431=CIRCLE('',#3811,0.0885);
#1432=CIRCLE('',#3813,0.0885);
#1433=CIRCLE('',#3814,0.0885);
#1434=CIRCLE('',#3816,0.0885);
#1435=CIRCLE('',#3817,0.0885);
#1436=CIRCLE('',#3819,0.25);
#1437=CIRCLE('',#3820,0.25);
#1438=CIRCLE('',#3822,0.25);
#1439=CIRCLE('',#3824,0.25);
#1440=VERTEX_POINT('',#4798);
#1441=VERTEX_POINT('',#4800);
#1442=VERTEX_POINT('',#4803);
#1443=VERTEX_POINT('',#4807);
#1444=VERTEX_POINT('',#4811);
#1445=VERTEX_POINT('',#4813);
#1446=VERTEX_POINT('',#4816);
#1447=VERTEX_POINT('',#4820);
#1448=VERTEX_POINT('',#4824);
#1449=VERTEX_POINT('',#4825);
#1450=VERTEX_POINT('',#4827);
#1451=VERTEX_POINT('',#4829);
#1452=VERTEX_POINT('',#4831);
#1453=VERTEX_POINT('',#4835);
#1454=VERTEX_POINT('',#4837);
#1455=VERTEX_POINT('',#4841);
#1456=VERTEX_POINT('',#4842);
#1457=VERTEX_POINT('',#4845);
#1458=VERTEX_POINT('',#4849);
#1459=VERTEX_POINT('',#4851);
#1460=VERTEX_POINT('',#4855);
#1461=VERTEX_POINT('',#4859);
#1462=VERTEX_POINT('',#4863);
#1463=VERTEX_POINT('',#4867);
#1464=VERTEX_POINT('',#4875);
#1465=VERTEX_POINT('',#4876);
#1466=VERTEX_POINT('',#4878);
#1467=VERTEX_POINT('',#4880);
#1468=VERTEX_POINT('',#4884);
#1469=VERTEX_POINT('',#4886);
#1470=VERTEX_POINT('',#4890);
#1471=VERTEX_POINT('',#4892);
#1472=VERTEX_POINT('',#4898);
#1473=VERTEX_POINT('',#4900);
#1474=VERTEX_POINT('',#4904);
#1475=VERTEX_POINT('',#4905);
#1476=VERTEX_POINT('',#4907);
#1477=VERTEX_POINT('',#4909);
#1478=VERTEX_POINT('',#4913);
#1479=VERTEX_POINT('',#4915);
#1480=VERTEX_POINT('',#4919);
#1481=VERTEX_POINT('',#4921);
#1482=VERTEX_POINT('',#4925);
#1483=VERTEX_POINT('',#4927);
#1484=VERTEX_POINT('',#4931);
#1485=VERTEX_POINT('',#4933);
#1486=VERTEX_POINT('',#4941);
#1487=VERTEX_POINT('',#4942);
#1488=VERTEX_POINT('',#4944);
#1489=VERTEX_POINT('',#4946);
#1490=VERTEX_POINT('',#4948);
#1491=VERTEX_POINT('',#4952);
#1492=VERTEX_POINT('',#4953);
#1493=VERTEX_POINT('',#4955);
#1494=VERTEX_POINT('',#4957);
#1495=VERTEX_POINT('',#4959);
#1496=VERTEX_POINT('',#4966);
#1497=VERTEX_POINT('',#4968);
#1498=VERTEX_POINT('',#4973);
#1499=VERTEX_POINT('',#4975);
#1500=VERTEX_POINT('',#4979);
#1501=VERTEX_POINT('',#4983);
#1502=VERTEX_POINT('',#4994);
#1503=VERTEX_POINT('',#4996);
#1504=VERTEX_POINT('',#4999);
#1505=VERTEX_POINT('',#5003);
#1506=VERTEX_POINT('',#5007);
#1507=VERTEX_POINT('',#5009);
#1508=VERTEX_POINT('',#5013);
#1509=VERTEX_POINT('',#5015);
#1510=VERTEX_POINT('',#5019);
#1511=VERTEX_POINT('',#5021);
#1512=VERTEX_POINT('',#5025);
#1513=VERTEX_POINT('',#5027);
#1514=VERTEX_POINT('',#5031);
#1515=VERTEX_POINT('',#5032);
#1516=VERTEX_POINT('',#5034);
#1517=VERTEX_POINT('',#5036);
#1518=VERTEX_POINT('',#5040);
#1519=VERTEX_POINT('',#5042);
#1520=VERTEX_POINT('',#5046);
#1521=VERTEX_POINT('',#5048);
#1522=VERTEX_POINT('',#5052);
#1523=VERTEX_POINT('',#5054);
#1524=VERTEX_POINT('',#5058);
#1525=VERTEX_POINT('',#5060);
#1526=VERTEX_POINT('',#5067);
#1527=VERTEX_POINT('',#5070);
#1528=VERTEX_POINT('',#5071);
#1529=VERTEX_POINT('',#5073);
#1530=VERTEX_POINT('',#5075);
#1531=VERTEX_POINT('',#5079);
#1532=VERTEX_POINT('',#5081);
#1533=VERTEX_POINT('',#5085);
#1534=VERTEX_POINT('',#5087);
#1535=VERTEX_POINT('',#5091);
#1536=VERTEX_POINT('',#5093);
#1537=VERTEX_POINT('',#5097);
#1538=VERTEX_POINT('',#5099);
#1539=VERTEX_POINT('',#5106);
#1540=VERTEX_POINT('',#5109);
#1541=VERTEX_POINT('',#5110);
#1542=VERTEX_POINT('',#5112);
#1543=VERTEX_POINT('',#5114);
#1544=VERTEX_POINT('',#5118);
#1545=VERTEX_POINT('',#5120);
#1546=VERTEX_POINT('',#5124);
#1547=VERTEX_POINT('',#5126);
#1548=VERTEX_POINT('',#5130);
#1549=VERTEX_POINT('',#5132);
#1550=VERTEX_POINT('',#5136);
#1551=VERTEX_POINT('',#5138);
#1552=VERTEX_POINT('',#5145);
#1553=VERTEX_POINT('',#5148);
#1554=VERTEX_POINT('',#5149);
#1555=VERTEX_POINT('',#5151);
#1556=VERTEX_POINT('',#5153);
#1557=VERTEX_POINT('',#5157);
#1558=VERTEX_POINT('',#5159);
#1559=VERTEX_POINT('',#5163);
#1560=VERTEX_POINT('',#5165);
#1561=VERTEX_POINT('',#5169);
#1562=VERTEX_POINT('',#5171);
#1563=VERTEX_POINT('',#5175);
#1564=VERTEX_POINT('',#5177);
#1565=VERTEX_POINT('',#5184);
#1566=VERTEX_POINT('',#5187);
#1567=VERTEX_POINT('',#5191);
#1568=VERTEX_POINT('',#5195);
#1569=VERTEX_POINT('',#5199);
#1570=VERTEX_POINT('',#5203);
#1571=VERTEX_POINT('',#5204);
#1572=VERTEX_POINT('',#5206);
#1573=VERTEX_POINT('',#5208);
#1574=VERTEX_POINT('',#5212);
#1575=VERTEX_POINT('',#5214);
#1576=VERTEX_POINT('',#5218);
#1577=VERTEX_POINT('',#5220);
#1578=VERTEX_POINT('',#5228);
#1579=VERTEX_POINT('',#5229);
#1580=VERTEX_POINT('',#5231);
#1581=VERTEX_POINT('',#5233);
#1582=VERTEX_POINT('',#5237);
#1583=VERTEX_POINT('',#5239);
#1584=VERTEX_POINT('',#5243);
#1585=VERTEX_POINT('',#5245);
#1586=VERTEX_POINT('',#5251);
#1587=VERTEX_POINT('',#5253);
#1588=VERTEX_POINT('',#5255);
#1589=VERTEX_POINT('',#5257);
#1590=VERTEX_POINT('',#5261);
#1591=VERTEX_POINT('',#5263);
#1592=VERTEX_POINT('',#5267);
#1593=VERTEX_POINT('',#5269);
#1594=VERTEX_POINT('',#5281);
#1595=VERTEX_POINT('',#5282);
#1596=VERTEX_POINT('',#5284);
#1597=VERTEX_POINT('',#5286);
#1598=VERTEX_POINT('',#5290);
#1599=VERTEX_POINT('',#5292);
#1600=VERTEX_POINT('',#5296);
#1601=VERTEX_POINT('',#5298);
#1602=VERTEX_POINT('',#5306);
#1603=VERTEX_POINT('',#5307);
#1604=VERTEX_POINT('',#5309);
#1605=VERTEX_POINT('',#5311);
#1606=VERTEX_POINT('',#5313);
#1607=VERTEX_POINT('',#5317);
#1608=VERTEX_POINT('',#5318);
#1609=VERTEX_POINT('',#5320);
#1610=VERTEX_POINT('',#5322);
#1611=VERTEX_POINT('',#5324);
#1612=VERTEX_POINT('',#5331);
#1613=VERTEX_POINT('',#5333);
#1614=VERTEX_POINT('',#5337);
#1615=VERTEX_POINT('',#5339);
#1616=VERTEX_POINT('',#5343);
#1617=VERTEX_POINT('',#5347);
#1618=VERTEX_POINT('',#5357);
#1619=VERTEX_POINT('',#5359);
#1620=VERTEX_POINT('',#5362);
#1621=VERTEX_POINT('',#5366);
#1622=VERTEX_POINT('',#5370);
#1623=VERTEX_POINT('',#5371);
#1624=VERTEX_POINT('',#5373);
#1625=VERTEX_POINT('',#5375);
#1626=VERTEX_POINT('',#5377);
#1627=VERTEX_POINT('',#5379);
#1628=VERTEX_POINT('',#5381);
#1629=VERTEX_POINT('',#5383);
#1630=VERTEX_POINT('',#5385);
#1631=VERTEX_POINT('',#5387);
#1632=VERTEX_POINT('',#5391);
#1633=VERTEX_POINT('',#5395);
#1634=VERTEX_POINT('',#5397);
#1635=VERTEX_POINT('',#5399);
#1636=VERTEX_POINT('',#5401);
#1637=VERTEX_POINT('',#5403);
#1638=VERTEX_POINT('',#5405);
#1639=VERTEX_POINT('',#5407);
#1640=VERTEX_POINT('',#5411);
#1641=VERTEX_POINT('',#5413);
#1642=VERTEX_POINT('',#5415);
#1643=VERTEX_POINT('',#5417);
#1644=VERTEX_POINT('',#5419);
#1645=VERTEX_POINT('',#5421);
#1646=VERTEX_POINT('',#5423);
#1647=VERTEX_POINT('',#5425);
#1648=VERTEX_POINT('',#5429);
#1649=VERTEX_POINT('',#5433);
#1650=VERTEX_POINT('',#5435);
#1651=VERTEX_POINT('',#5437);
#1652=VERTEX_POINT('',#5440);
#1653=VERTEX_POINT('',#5442);
#1654=VERTEX_POINT('',#5446);
#1655=VERTEX_POINT('',#5450);
#1656=VERTEX_POINT('',#5452);
#1657=VERTEX_POINT('',#5455);
#1658=VERTEX_POINT('',#5459);
#1659=VERTEX_POINT('',#5464);
#1660=VERTEX_POINT('',#5468);
#1661=VERTEX_POINT('',#5479);
#1662=VERTEX_POINT('',#5493);
#1663=VERTEX_POINT('',#5494);
#1664=VERTEX_POINT('',#5496);
#1665=VERTEX_POINT('',#5498);
#1666=VERTEX_POINT('',#5502);
#1667=VERTEX_POINT('',#5504);
#1668=VERTEX_POINT('',#5508);
#1669=VERTEX_POINT('',#5510);
#1670=VERTEX_POINT('',#5514);
#1671=VERTEX_POINT('',#5516);
#1672=VERTEX_POINT('',#5520);
#1673=VERTEX_POINT('',#5522);
#1674=VERTEX_POINT('',#5529);
#1675=VERTEX_POINT('',#5532);
#1676=VERTEX_POINT('',#5536);
#1677=VERTEX_POINT('',#5537);
#1678=VERTEX_POINT('',#5539);
#1679=VERTEX_POINT('',#5541);
#1680=VERTEX_POINT('',#5545);
#1681=VERTEX_POINT('',#5547);
#1682=VERTEX_POINT('',#5549);
#1683=VERTEX_POINT('',#5551);
#1684=VERTEX_POINT('',#5553);
#1685=VERTEX_POINT('',#5555);
#1686=VERTEX_POINT('',#5559);
#1687=VERTEX_POINT('',#5561);
#1688=VERTEX_POINT('',#5563);
#1689=VERTEX_POINT('',#5565);
#1690=VERTEX_POINT('',#5567);
#1691=VERTEX_POINT('',#5571);
#1692=VERTEX_POINT('',#5575);
#1693=VERTEX_POINT('',#5577);
#1694=VERTEX_POINT('',#5579);
#1695=VERTEX_POINT('',#5581);
#1696=VERTEX_POINT('',#5583);
#1697=VERTEX_POINT('',#5587);
#1698=VERTEX_POINT('',#5591);
#1699=VERTEX_POINT('',#5595);
#1700=VERTEX_POINT('',#5597);
#1701=VERTEX_POINT('',#5601);
#1702=VERTEX_POINT('',#5603);
#1703=VERTEX_POINT('',#5605);
#1704=VERTEX_POINT('',#5609);
#1705=VERTEX_POINT('',#5611);
#1706=VERTEX_POINT('',#5616);
#1707=VERTEX_POINT('',#5618);
#1708=VERTEX_POINT('',#5635);
#1709=VERTEX_POINT('',#5637);
#1710=VERTEX_POINT('',#5644);
#1711=VERTEX_POINT('',#5646);
#1712=VERTEX_POINT('',#5648);
#1713=VERTEX_POINT('',#5652);
#1714=VERTEX_POINT('',#5657);
#1715=VERTEX_POINT('',#5660);
#1716=VERTEX_POINT('',#5666);
#1717=VERTEX_POINT('',#5668);
#1718=VERTEX_POINT('',#5673);
#1719=VERTEX_POINT('',#5675);
#1720=VERTEX_POINT('',#5679);
#1721=VERTEX_POINT('',#5681);
#1722=VERTEX_POINT('',#5685);
#1723=VERTEX_POINT('',#5687);
#1724=VERTEX_POINT('',#5691);
#1725=VERTEX_POINT('',#5693);
#1726=VERTEX_POINT('',#5697);
#1727=VERTEX_POINT('',#5699);
#1728=VERTEX_POINT('',#5703);
#1729=VERTEX_POINT('',#5705);
#1730=VERTEX_POINT('',#5709);
#1731=VERTEX_POINT('',#5711);
#1732=VERTEX_POINT('',#5715);
#1733=VERTEX_POINT('',#5717);
#1734=VERTEX_POINT('',#5721);
#1735=VERTEX_POINT('',#5723);
#1736=VERTEX_POINT('',#5727);
#1737=VERTEX_POINT('',#5728);
#1738=VERTEX_POINT('',#5730);
#1739=VERTEX_POINT('',#5732);
#1740=VERTEX_POINT('',#5736);
#1741=VERTEX_POINT('',#5737);
#1742=VERTEX_POINT('',#5742);
#1743=VERTEX_POINT('',#5743);
#1744=EDGE_CURVE('',#1440,#1440,#1358,.T.);
#1745=EDGE_CURVE('',#1441,#1441,#1359,.T.);
#1746=EDGE_CURVE('',#1442,#1442,#1360,.T.);
#1747=EDGE_CURVE('',#1442,#1440,#100,.T.);
#1748=EDGE_CURVE('',#1441,#1443,#101,.T.);
#1749=EDGE_CURVE('',#1443,#1443,#1361,.T.);
#1750=EDGE_CURVE('',#1444,#1444,#1362,.T.);
#1751=EDGE_CURVE('',#1445,#1445,#1363,.T.);
#1752=EDGE_CURVE('',#1446,#1446,#1364,.T.);
#1753=EDGE_CURVE('',#1446,#1444,#102,.T.);
#1754=EDGE_CURVE('',#1445,#1447,#103,.T.);
#1755=EDGE_CURVE('',#1447,#1447,#1365,.T.);
#1756=EDGE_CURVE('',#1448,#1449,#104,.T.);
#1757=EDGE_CURVE('',#1450,#1448,#105,.T.);
#1758=EDGE_CURVE('',#1451,#1450,#106,.T.);
#1759=EDGE_CURVE('',#1451,#1452,#107,.T.);
#1760=EDGE_CURVE('',#1449,#1452,#1366,.T.);
#1761=EDGE_CURVE('',#1452,#1453,#108,.T.);
#1762=EDGE_CURVE('',#1454,#1451,#109,.T.);
#1763=EDGE_CURVE('',#1454,#1453,#110,.T.);
#1764=EDGE_CURVE('',#1455,#1456,#111,.T.);
#1765=EDGE_CURVE('',#1453,#1455,#1367,.T.);
#1766=EDGE_CURVE('',#1457,#1454,#112,.T.);
#1767=EDGE_CURVE('',#1456,#1457,#113,.T.);
#1768=EDGE_CURVE('',#1458,#1450,#114,.T.);
#1769=EDGE_CURVE('',#1459,#1458,#115,.T.);
#1770=EDGE_CURVE('',#1459,#1457,#116,.T.);
#1771=EDGE_CURVE('',#1448,#1460,#117,.T.);
#1772=EDGE_CURVE('',#1460,#1458,#118,.T.);
#1773=EDGE_CURVE('',#1449,#1461,#119,.T.);
#1774=EDGE_CURVE('',#1460,#1461,#120,.T.);
#1775=EDGE_CURVE('',#1455,#1462,#121,.T.);
#1776=EDGE_CURVE('',#1461,#1462,#1368,.T.);
#1777=EDGE_CURVE('',#1463,#1456,#122,.T.);
#1778=EDGE_CURVE('',#1462,#1463,#123,.T.);
#1779=EDGE_CURVE('',#1463,#1459,#124,.T.);
#1780=EDGE_CURVE('',#1464,#1465,#125,.T.);
#1781=EDGE_CURVE('',#1464,#1466,#126,.T.);
#1782=EDGE_CURVE('',#1467,#1466,#127,.T.);
#1783=EDGE_CURVE('',#1465,#1467,#128,.T.);
#1784=EDGE_CURVE('',#1465,#1468,#129,.T.);
#1785=EDGE_CURVE('',#1469,#1467,#130,.T.);
#1786=EDGE_CURVE('',#1468,#1469,#131,.T.);
#1787=EDGE_CURVE('',#1470,#1464,#132,.T.);
#1788=EDGE_CURVE('',#1470,#1471,#133,.T.);
#1789=EDGE_CURVE('',#1466,#1471,#134,.T.);
#1790=EDGE_CURVE('',#1471,#1469,#135,.T.);
#1791=EDGE_CURVE('',#1472,#1472,#1369,.T.);
#1792=EDGE_CURVE('',#1472,#1473,#136,.T.);
#1793=EDGE_CURVE('',#1473,#1473,#1370,.T.);
#1794=EDGE_CURVE('',#1474,#1475,#137,.T.);
#1795=EDGE_CURVE('',#1474,#1476,#138,.T.);
#1796=EDGE_CURVE('',#1476,#1477,#139,.T.);
#1797=EDGE_CURVE('',#1475,#1477,#140,.T.);
#1798=EDGE_CURVE('',#1478,#1474,#141,.T.);
#1799=EDGE_CURVE('',#1478,#1479,#142,.T.);
#1800=EDGE_CURVE('',#1479,#1476,#143,.T.);
#1801=EDGE_CURVE('',#1480,#1478,#144,.T.);
#1802=EDGE_CURVE('',#1480,#1481,#145,.T.);
#1803=EDGE_CURVE('',#1481,#1479,#146,.T.);
#1804=EDGE_CURVE('',#1482,#1480,#147,.T.);
#1805=EDGE_CURVE('',#1482,#1483,#148,.T.);
#1806=EDGE_CURVE('',#1483,#1481,#149,.T.);
#1807=EDGE_CURVE('',#1484,#1482,#150,.T.);
#1808=EDGE_CURVE('',#1484,#1485,#151,.T.);
#1809=EDGE_CURVE('',#1485,#1483,#152,.T.);
#1810=EDGE_CURVE('',#1475,#1484,#153,.T.);
#1811=EDGE_CURVE('',#1477,#1485,#154,.T.);
#1812=EDGE_CURVE('',#1486,#1487,#1371,.T.);
#1813=EDGE_CURVE('',#1488,#1486,#155,.T.);
#1814=EDGE_CURVE('',#1489,#1488,#156,.T.);
#1815=EDGE_CURVE('',#1490,#1489,#157,.T.);
#1816=EDGE_CURVE('',#1487,#1490,#158,.T.);
#1817=EDGE_CURVE('',#1491,#1492,#1372,.T.);
#1818=EDGE_CURVE('',#1493,#1491,#159,.T.);
#1819=EDGE_CURVE('',#1494,#1493,#160,.T.);
#1820=EDGE_CURVE('',#1495,#1494,#161,.T.);
#1821=EDGE_CURVE('',#1495,#1492,#162,.T.);
#1822=EDGE_CURVE('',#1492,#1486,#163,.T.);
#1823=EDGE_CURVE('',#1488,#1495,#164,.T.);
#1824=EDGE_CURVE('',#1496,#1490,#165,.T.);
#1825=EDGE_CURVE('',#1497,#1496,#166,.T.);
#1826=EDGE_CURVE('',#1487,#1497,#167,.T.);
#1827=EDGE_CURVE('',#1494,#1468,#168,.T.);
#1828=EDGE_CURVE('',#1470,#1498,#169,.T.);
#1829=EDGE_CURVE('',#1498,#1499,#170,.T.);
#1830=EDGE_CURVE('',#1489,#1499,#171,.T.);
#1831=EDGE_CURVE('',#1493,#1500,#172,.T.);
#1832=EDGE_CURVE('',#1498,#1500,#173,.T.);
#1833=EDGE_CURVE('',#1491,#1501,#174,.T.);
#1834=EDGE_CURVE('',#1500,#1501,#175,.T.);
#1835=EDGE_CURVE('',#1501,#1497,#1373,.T.);
#1836=EDGE_CURVE('',#1499,#1496,#176,.T.);
#1837=EDGE_CURVE('',#1502,#1502,#1374,.T.);
#1838=EDGE_CURVE('',#1503,#1503,#1375,.T.);
#1839=EDGE_CURVE('',#1504,#1504,#1376,.T.);
#1840=EDGE_CURVE('',#1504,#1502,#177,.T.);
#1841=EDGE_CURVE('',#1503,#1505,#178,.T.);
#1842=EDGE_CURVE('',#1505,#1505,#1377,.T.);
#1843=EDGE_CURVE('',#1506,#1506,#1378,.T.);
#1844=EDGE_CURVE('',#1506,#1507,#179,.T.);
#1845=EDGE_CURVE('',#1507,#1507,#1379,.T.);
#1846=EDGE_CURVE('',#1508,#1508,#1380,.T.);
#1847=EDGE_CURVE('',#1508,#1509,#180,.T.);
#1848=EDGE_CURVE('',#1509,#1509,#1381,.T.);
#1849=EDGE_CURVE('',#1510,#1510,#1382,.T.);
#1850=EDGE_CURVE('',#1510,#1511,#181,.T.);
#1851=EDGE_CURVE('',#1511,#1511,#1383,.T.);
#1852=EDGE_CURVE('',#1512,#1512,#1384,.T.);
#1853=EDGE_CURVE('',#1512,#1513,#182,.T.);
#1854=EDGE_CURVE('',#1513,#1513,#1385,.T.);
#1855=EDGE_CURVE('',#1514,#1515,#183,.T.);
#1856=EDGE_CURVE('',#1514,#1516,#184,.T.);
#1857=EDGE_CURVE('',#1516,#1517,#185,.T.);
#1858=EDGE_CURVE('',#1515,#1517,#186,.T.);
#1859=EDGE_CURVE('',#1518,#1514,#187,.T.);
#1860=EDGE_CURVE('',#1518,#1519,#188,.T.);
#1861=EDGE_CURVE('',#1519,#1516,#189,.T.);
#1862=EDGE_CURVE('',#1520,#1518,#190,.T.);
#1863=EDGE_CURVE('',#1520,#1521,#191,.T.);
#1864=EDGE_CURVE('',#1521,#1519,#192,.T.);
#1865=EDGE_CURVE('',#1522,#1520,#193,.T.);
#1866=EDGE_CURVE('',#1522,#1523,#194,.T.);
#1867=EDGE_CURVE('',#1523,#1521,#195,.T.);
#1868=EDGE_CURVE('',#1524,#1522,#196,.T.);
#1869=EDGE_CURVE('',#1524,#1525,#197,.T.);
#1870=EDGE_CURVE('',#1525,#1523,#198,.T.);
#1871=EDGE_CURVE('',#1515,#1524,#199,.T.);
#1872=EDGE_CURVE('',#1517,#1525,#200,.T.);
#1873=EDGE_CURVE('',#1526,#1526,#1386,.T.);
#1874=EDGE_CURVE('',#1527,#1528,#201,.T.);
#1875=EDGE_CURVE('',#1527,#1529,#202,.T.);
#1876=EDGE_CURVE('',#1529,#1530,#203,.T.);
#1877=EDGE_CURVE('',#1528,#1530,#204,.T.);
#1878=EDGE_CURVE('',#1531,#1527,#205,.T.);
#1879=EDGE_CURVE('',#1531,#1532,#206,.T.);
#1880=EDGE_CURVE('',#1532,#1529,#207,.T.);
#1881=EDGE_CURVE('',#1533,#1531,#208,.T.);
#1882=EDGE_CURVE('',#1533,#1534,#209,.T.);
#1883=EDGE_CURVE('',#1534,#1532,#210,.T.);
#1884=EDGE_CURVE('',#1535,#1533,#211,.T.);
#1885=EDGE_CURVE('',#1535,#1536,#212,.T.);
#1886=EDGE_CURVE('',#1536,#1534,#213,.T.);
#1887=EDGE_CURVE('',#1537,#1535,#214,.T.);
#1888=EDGE_CURVE('',#1537,#1538,#215,.T.);
#1889=EDGE_CURVE('',#1538,#1536,#216,.T.);
#1890=EDGE_CURVE('',#1528,#1537,#217,.T.);
#1891=EDGE_CURVE('',#1530,#1538,#218,.T.);
#1892=EDGE_CURVE('',#1539,#1539,#1387,.T.);
#1893=EDGE_CURVE('',#1540,#1541,#219,.T.);
#1894=EDGE_CURVE('',#1540,#1542,#220,.T.);
#1895=EDGE_CURVE('',#1542,#1543,#221,.T.);
#1896=EDGE_CURVE('',#1541,#1543,#222,.T.);
#1897=EDGE_CURVE('',#1544,#1540,#223,.T.);
#1898=EDGE_CURVE('',#1544,#1545,#224,.T.);
#1899=EDGE_CURVE('',#1545,#1542,#225,.T.);
#1900=EDGE_CURVE('',#1546,#1544,#226,.T.);
#1901=EDGE_CURVE('',#1546,#1547,#227,.T.);
#1902=EDGE_CURVE('',#1547,#1545,#228,.T.);
#1903=EDGE_CURVE('',#1548,#1546,#229,.T.);
#1904=EDGE_CURVE('',#1548,#1549,#230,.T.);
#1905=EDGE_CURVE('',#1549,#1547,#231,.T.);
#1906=EDGE_CURVE('',#1550,#1548,#232,.T.);
#1907=EDGE_CURVE('',#1550,#1551,#233,.T.);
#1908=EDGE_CURVE('',#1551,#1549,#234,.T.);
#1909=EDGE_CURVE('',#1541,#1550,#235,.T.);
#1910=EDGE_CURVE('',#1543,#1551,#236,.T.);
#1911=EDGE_CURVE('',#1552,#1552,#1388,.T.);
#1912=EDGE_CURVE('',#1553,#1554,#237,.T.);
#1913=EDGE_CURVE('',#1553,#1555,#238,.T.);
#1914=EDGE_CURVE('',#1555,#1556,#239,.T.);
#1915=EDGE_CURVE('',#1554,#1556,#240,.T.);
#1916=EDGE_CURVE('',#1557,#1553,#241,.T.);
#1917=EDGE_CURVE('',#1557,#1558,#242,.T.);
#1918=EDGE_CURVE('',#1558,#1555,#243,.T.);
#1919=EDGE_CURVE('',#1559,#1557,#244,.T.);
#1920=EDGE_CURVE('',#1559,#1560,#245,.T.);
#1921=EDGE_CURVE('',#1560,#1558,#246,.T.);
#1922=EDGE_CURVE('',#1561,#1559,#247,.T.);
#1923=EDGE_CURVE('',#1561,#1562,#248,.T.);
#1924=EDGE_CURVE('',#1562,#1560,#249,.T.);
#1925=EDGE_CURVE('',#1563,#1561,#250,.T.);
#1926=EDGE_CURVE('',#1563,#1564,#251,.T.);
#1927=EDGE_CURVE('',#1564,#1562,#252,.T.);
#1928=EDGE_CURVE('',#1554,#1563,#253,.T.);
#1929=EDGE_CURVE('',#1556,#1564,#254,.T.);
#1930=EDGE_CURVE('',#1565,#1565,#1389,.T.);
#1931=EDGE_CURVE('',#1566,#1566,#1390,.T.);
#1932=EDGE_CURVE('',#1566,#1526,#255,.T.);
#1933=EDGE_CURVE('',#1567,#1567,#1391,.T.);
#1934=EDGE_CURVE('',#1567,#1552,#256,.T.);
#1935=EDGE_CURVE('',#1568,#1568,#1392,.T.);
#1936=EDGE_CURVE('',#1568,#1565,#257,.T.);
#1937=EDGE_CURVE('',#1569,#1569,#1393,.T.);
#1938=EDGE_CURVE('',#1569,#1539,#258,.T.);
#1939=EDGE_CURVE('',#1570,#1571,#259,.T.);
#1940=EDGE_CURVE('',#1570,#1572,#260,.T.);
#1941=EDGE_CURVE('',#1572,#1573,#261,.T.);
#1942=EDGE_CURVE('',#1571,#1573,#262,.T.);
#1943=EDGE_CURVE('',#1574,#1570,#263,.T.);
#1944=EDGE_CURVE('',#1574,#1575,#264,.T.);
#1945=EDGE_CURVE('',#1575,#1572,#265,.T.);
#1946=EDGE_CURVE('',#1576,#1574,#266,.T.);
#1947=EDGE_CURVE('',#1576,#1577,#267,.T.);
#1948=EDGE_CURVE('',#1577,#1575,#268,.T.);
#1949=EDGE_CURVE('',#1571,#1576,#269,.T.);
#1950=EDGE_CURVE('',#1573,#1577,#270,.T.);
#1951=EDGE_CURVE('',#1578,#1579,#271,.T.);
#1952=EDGE_CURVE('',#1578,#1580,#272,.T.);
#1953=EDGE_CURVE('',#1580,#1581,#273,.T.);
#1954=EDGE_CURVE('',#1579,#1581,#274,.T.);
#1955=EDGE_CURVE('',#1582,#1578,#275,.T.);
#1956=EDGE_CURVE('',#1582,#1583,#276,.T.);
#1957=EDGE_CURVE('',#1583,#1580,#277,.T.);
#1958=EDGE_CURVE('',#1584,#1582,#278,.T.);
#1959=EDGE_CURVE('',#1585,#1584,#279,.T.);
#1960=EDGE_CURVE('',#1585,#1583,#280,.T.);
#1961=EDGE_CURVE('',#1581,#1585,#281,.T.);
#1962=EDGE_CURVE('',#1586,#1584,#282,.T.);
#1963=EDGE_CURVE('',#1587,#1586,#283,.T.);
#1964=EDGE_CURVE('',#1587,#1588,#284,.T.);
#1965=EDGE_CURVE('',#1588,#1589,#285,.T.);
#1966=EDGE_CURVE('',#1579,#1589,#286,.T.);
#1967=EDGE_CURVE('',#1590,#1587,#287,.T.);
#1968=EDGE_CURVE('',#1591,#1586,#288,.T.);
#1969=EDGE_CURVE('',#1590,#1591,#289,.T.);
#1970=EDGE_CURVE('',#1592,#1590,#290,.T.);
#1971=EDGE_CURVE('',#1593,#1591,#291,.T.);
#1972=EDGE_CURVE('',#1592,#1593,#292,.T.);
#1973=EDGE_CURVE('',#1588,#1592,#293,.T.);
#1974=EDGE_CURVE('',#1589,#1593,#294,.T.);
#1975=EDGE_CURVE('',#1594,#1595,#295,.T.);
#1976=EDGE_CURVE('',#1594,#1596,#296,.T.);
#1977=EDGE_CURVE('',#1597,#1596,#297,.T.);
#1978=EDGE_CURVE('',#1595,#1597,#298,.T.);
#1979=EDGE_CURVE('',#1595,#1598,#299,.T.);
#1980=EDGE_CURVE('',#1599,#1597,#300,.T.);
#1981=EDGE_CURVE('',#1598,#1599,#301,.T.);
#1982=EDGE_CURVE('',#1598,#1600,#302,.T.);
#1983=EDGE_CURVE('',#1601,#1599,#303,.T.);
#1984=EDGE_CURVE('',#1600,#1601,#304,.T.);
#1985=EDGE_CURVE('',#1600,#1594,#305,.T.);
#1986=EDGE_CURVE('',#1596,#1601,#306,.T.);
#1987=EDGE_CURVE('',#1602,#1603,#1394,.T.);
#1988=EDGE_CURVE('',#1604,#1602,#307,.T.);
#1989=EDGE_CURVE('',#1605,#1604,#308,.T.);
#1990=EDGE_CURVE('',#1606,#1605,#309,.T.);
#1991=EDGE_CURVE('',#1603,#1606,#310,.T.);
#1992=EDGE_CURVE('',#1607,#1608,#1395,.T.);
#1993=EDGE_CURVE('',#1609,#1607,#311,.T.);
#1994=EDGE_CURVE('',#1610,#1609,#312,.T.);
#1995=EDGE_CURVE('',#1611,#1610,#313,.T.);
#1996=EDGE_CURVE('',#1611,#1608,#314,.T.);
#1997=EDGE_CURVE('',#1608,#1602,#315,.T.);
#1998=EDGE_CURVE('',#1604,#1611,#316,.T.);
#1999=EDGE_CURVE('',#1612,#1606,#317,.T.);
#2000=EDGE_CURVE('',#1613,#1612,#318,.T.);
#2001=EDGE_CURVE('',#1603,#1613,#319,.T.);
#2002=EDGE_CURVE('',#1610,#1614,#320,.T.);
#2003=EDGE_CURVE('',#1614,#1615,#321,.T.);
#2004=EDGE_CURVE('',#1605,#1615,#322,.T.);
#2005=EDGE_CURVE('',#1609,#1616,#323,.T.);
#2006=EDGE_CURVE('',#1614,#1616,#324,.T.);
#2007=EDGE_CURVE('',#1607,#1617,#325,.T.);
#2008=EDGE_CURVE('',#1616,#1617,#326,.T.);
#2009=EDGE_CURVE('',#1617,#1613,#1396,.T.);
#2010=EDGE_CURVE('',#1615,#1612,#327,.T.);
#2011=EDGE_CURVE('',#1618,#1618,#1397,.T.);
#2012=EDGE_CURVE('',#1619,#1619,#1398,.T.);
#2013=EDGE_CURVE('',#1620,#1620,#1399,.T.);
#2014=EDGE_CURVE('',#1620,#1618,#328,.T.);
#2015=EDGE_CURVE('',#1619,#1621,#329,.T.);
#2016=EDGE_CURVE('',#1621,#1621,#1400,.T.);
#2017=EDGE_CURVE('',#1622,#1623,#12,.T.);
#2018=EDGE_CURVE('',#1623,#1624,#330,.T.);
#2019=EDGE_CURVE('',#1624,#1625,#13,.T.);
#2020=EDGE_CURVE('',#1625,#1626,#1401,.T.);
#2021=EDGE_CURVE('',#1626,#1627,#331,.T.);
#2022=EDGE_CURVE('',#1628,#1627,#14,.T.);
#2023=EDGE_CURVE('',#1628,#1629,#332,.F.);
#2024=EDGE_CURVE('',#1630,#1629,#15,.T.);
#2025=EDGE_CURVE('',#1630,#1631,#333,.T.);
#2026=EDGE_CURVE('',#1631,#1622,#1402,.T.);
#2027=EDGE_CURVE('',#1632,#1626,#334,.T.);
#2028=EDGE_CURVE('',#1627,#1632,#335,.F.);
#2029=EDGE_CURVE('',#1633,#1625,#336,.T.);
#2030=EDGE_CURVE('',#1633,#1634,#337,.T.);
#2031=EDGE_CURVE('',#1635,#1634,#338,.T.);
#2032=EDGE_CURVE('',#1636,#1635,#1403,.T.);
#2033=EDGE_CURVE('',#1636,#1637,#339,.T.);
#2034=EDGE_CURVE('',#1638,#1637,#340,.T.);
#2035=EDGE_CURVE('',#1639,#1638,#341,.T.);
#2036=EDGE_CURVE('',#1632,#1639,#342,.T.);
#2037=EDGE_CURVE('',#1635,#1640,#16,.T.);
#2038=EDGE_CURVE('',#1640,#1641,#343,.T.);
#2039=EDGE_CURVE('',#1641,#1642,#17,.T.);
#2040=EDGE_CURVE('',#1642,#1643,#1404,.T.);
#2041=EDGE_CURVE('',#1643,#1644,#344,.T.);
#2042=EDGE_CURVE('',#1645,#1644,#18,.T.);
#2043=EDGE_CURVE('',#1645,#1646,#345,.F.);
#2044=EDGE_CURVE('',#1647,#1646,#19,.T.);
#2045=EDGE_CURVE('',#1647,#1636,#346,.T.);
#2046=EDGE_CURVE('',#1648,#1643,#347,.T.);
#2047=EDGE_CURVE('',#1644,#1648,#348,.F.);
#2048=EDGE_CURVE('',#1631,#1649,#349,.T.);
#2049=EDGE_CURVE('',#1650,#1649,#350,.T.);
#2050=EDGE_CURVE('',#1651,#1650,#351,.T.);
#2051=EDGE_CURVE('',#1648,#1651,#352,.T.);
#2052=EDGE_CURVE('',#1652,#1642,#353,.T.);
#2053=EDGE_CURVE('',#1652,#1653,#354,.T.);
#2054=EDGE_CURVE('',#1622,#1653,#355,.T.);
#2055=EDGE_CURVE('',#1634,#1654,#356,.T.);
#2056=EDGE_CURVE('',#1654,#1640,#357,.T.);
#2057=EDGE_CURVE('',#1655,#1633,#358,.T.);
#2058=EDGE_CURVE('',#1656,#1655,#359,.T.);
#2059=EDGE_CURVE('',#1653,#1656,#360,.T.);
#2060=EDGE_CURVE('',#1657,#1652,#361,.T.);
#2061=EDGE_CURVE('',#1654,#1657,#362,.T.);
#2062=EDGE_CURVE('',#1658,#1638,#363,.T.);
#2063=EDGE_CURVE('',#1637,#1647,#364,.F.);
#2064=EDGE_CURVE('',#1646,#1658,#365,.F.);
#2065=EDGE_CURVE('',#1659,#1645,#366,.T.);
#2066=EDGE_CURVE('',#1658,#1659,#367,.T.);
#2067=EDGE_CURVE('',#1639,#1660,#368,.T.);
#2068=EDGE_CURVE('',#1660,#1628,#369,.T.);
#2069=EDGE_CURVE('',#1624,#1655,#370,.T.);
#2070=EDGE_CURVE('',#1656,#1623,#371,.T.);
#2071=EDGE_CURVE('',#1649,#1630,#372,.F.);
#2072=EDGE_CURVE('',#1661,#1650,#373,.T.);
#2073=EDGE_CURVE('',#1629,#1661,#374,.F.);
#2074=EDGE_CURVE('',#1661,#1660,#375,.T.);
#2075=EDGE_CURVE('',#1641,#1657,#376,.T.);
#2076=EDGE_CURVE('',#1651,#1659,#377,.T.);
#2077=EDGE_CURVE('',#1662,#1663,#378,.T.);
#2078=EDGE_CURVE('',#1662,#1664,#379,.T.);
#2079=EDGE_CURVE('',#1664,#1665,#380,.T.);
#2080=EDGE_CURVE('',#1663,#1665,#381,.T.);
#2081=EDGE_CURVE('',#1666,#1662,#382,.T.);
#2082=EDGE_CURVE('',#1666,#1667,#383,.T.);
#2083=EDGE_CURVE('',#1667,#1664,#384,.T.);
#2084=EDGE_CURVE('',#1668,#1666,#385,.T.);
#2085=EDGE_CURVE('',#1668,#1669,#386,.T.);
#2086=EDGE_CURVE('',#1669,#1667,#387,.T.);
#2087=EDGE_CURVE('',#1670,#1668,#388,.T.);
#2088=EDGE_CURVE('',#1670,#1671,#389,.T.);
#2089=EDGE_CURVE('',#1671,#1669,#390,.T.);
#2090=EDGE_CURVE('',#1672,#1670,#391,.T.);
#2091=EDGE_CURVE('',#1672,#1673,#392,.T.);
#2092=EDGE_CURVE('',#1673,#1671,#393,.T.);
#2093=EDGE_CURVE('',#1663,#1672,#394,.T.);
#2094=EDGE_CURVE('',#1665,#1673,#395,.T.);
#2095=EDGE_CURVE('',#1674,#1674,#1405,.T.);
#2096=EDGE_CURVE('',#1675,#1675,#1406,.T.);
#2097=EDGE_CURVE('',#1675,#1674,#396,.T.);
#2098=EDGE_CURVE('',#1676,#1677,#397,.T.);
#2099=EDGE_CURVE('',#1677,#1678,#398,.T.);
#2100=EDGE_CURVE('',#1678,#1679,#399,.T.);
#2101=EDGE_CURVE('',#1679,#1676,#400,.T.);
#2102=EDGE_CURVE('',#1680,#1676,#401,.T.);
#2103=EDGE_CURVE('',#1681,#1680,#402,.F.);
#2104=EDGE_CURVE('',#1682,#1681,#403,.T.);
#2105=EDGE_CURVE('',#1683,#1682,#404,.F.);
#2106=EDGE_CURVE('',#1684,#1683,#405,.T.);
#2107=EDGE_CURVE('',#1685,#1684,#406,.T.);
#2108=EDGE_CURVE('',#1677,#1685,#407,.T.);
#2109=EDGE_CURVE('',#1686,#1679,#408,.T.);
#2110=EDGE_CURVE('',#1687,#1686,#409,.T.);
#2111=EDGE_CURVE('',#1687,#1688,#410,.T.);
#2112=EDGE_CURVE('',#1689,#1688,#411,.T.);
#2113=EDGE_CURVE('',#1690,#1689,#412,.T.);
#2114=EDGE_CURVE('',#1680,#1690,#413,.T.);
#2115=EDGE_CURVE('',#1690,#1691,#414,.T.);
#2116=EDGE_CURVE('',#1691,#1681,#415,.T.);
#2117=EDGE_CURVE('',#1692,#1689,#416,.T.);
#2118=EDGE_CURVE('',#1692,#1693,#417,.T.);
#2119=EDGE_CURVE('',#1694,#1693,#418,.T.);
#2120=EDGE_CURVE('',#1694,#1695,#419,.T.);
#2121=EDGE_CURVE('',#1696,#1695,#420,.T.);
#2122=EDGE_CURVE('',#1696,#1691,#421,.T.);
#2123=EDGE_CURVE('',#1688,#1697,#422,.F.);
#2124=EDGE_CURVE('',#1697,#1692,#423,.T.);
#2125=EDGE_CURVE('',#1697,#1698,#424,.T.);
#2126=EDGE_CURVE('',#1693,#1698,#425,.T.);
#2127=EDGE_CURVE('',#1699,#1687,#426,.T.);
#2128=EDGE_CURVE('',#1686,#1700,#427,.T.);
#2129=EDGE_CURVE('',#1700,#1699,#428,.T.);
#2130=EDGE_CURVE('',#1701,#1699,#429,.T.);
#2131=EDGE_CURVE('',#1702,#1701,#430,.T.);
#2132=EDGE_CURVE('',#1703,#1702,#431,.T.);
#2133=EDGE_CURVE('',#1698,#1703,#432,.F.);
#2134=EDGE_CURVE('',#1684,#1704,#433,.T.);
#2135=EDGE_CURVE('',#1704,#1705,#434,.T.);
#2136=EDGE_CURVE('',#1705,#1685,#435,.T.);
#2137=EDGE_CURVE('',#1678,#1705,#436,.T.);
#2138=EDGE_CURVE('',#1704,#1706,#437,.T.);
#2139=EDGE_CURVE('',#1707,#1706,#438,.T.);
#2140=EDGE_CURVE('',#1707,#1700,#439,.T.);
#2141=EDGE_CURVE('',#1695,#1683,#440,.T.);
#2142=EDGE_CURVE('',#1703,#1694,#441,.T.);
#2143=EDGE_CURVE('',#1706,#1702,#442,.T.);
#2144=EDGE_CURVE('',#1701,#1707,#443,.T.);
#2145=EDGE_CURVE('',#1682,#1696,#444,.T.);
#2146=EDGE_CURVE('',#1708,#1708,#1407,.T.);
#2147=EDGE_CURVE('',#1708,#1709,#445,.T.);
#2148=EDGE_CURVE('',#1709,#1709,#1408,.T.);
#2149=EDGE_CURVE('',#1710,#1710,#1409,.T.);
#2150=EDGE_CURVE('',#1710,#1711,#1410,.T.);
#2151=EDGE_CURVE('',#1711,#1712,#1411,.T.);
#2152=EDGE_CURVE('',#1712,#1711,#1412,.T.);
#2153=EDGE_CURVE('',#1712,#1713,#446,.T.);
#2154=EDGE_CURVE('',#1713,#1713,#1413,.T.);
#2155=EDGE_CURVE('',#1714,#1714,#1414,.T.);
#2156=EDGE_CURVE('',#1714,#1715,#447,.T.);
#2157=EDGE_CURVE('',#1715,#1715,#1415,.T.);
#2158=EDGE_CURVE('',#1716,#1716,#1416,.T.);
#2159=EDGE_CURVE('',#1716,#1717,#448,.T.);
#2160=EDGE_CURVE('',#1717,#1717,#1417,.T.);
#2161=EDGE_CURVE('',#1718,#1718,#1418,.T.);
#2162=EDGE_CURVE('',#1718,#1719,#449,.T.);
#2163=EDGE_CURVE('',#1719,#1719,#1419,.T.);
#2164=EDGE_CURVE('',#1720,#1720,#1420,.T.);
#2165=EDGE_CURVE('',#1720,#1721,#450,.T.);
#2166=EDGE_CURVE('',#1721,#1721,#1421,.T.);
#2167=EDGE_CURVE('',#1722,#1722,#1422,.T.);
#2168=EDGE_CURVE('',#1722,#1723,#451,.T.);
#2169=EDGE_CURVE('',#1723,#1723,#1423,.T.);
#2170=EDGE_CURVE('',#1724,#1724,#1424,.T.);
#2171=EDGE_CURVE('',#1724,#1725,#452,.T.);
#2172=EDGE_CURVE('',#1725,#1725,#1425,.T.);
#2173=EDGE_CURVE('',#1726,#1726,#1426,.T.);
#2174=EDGE_CURVE('',#1726,#1727,#453,.T.);
#2175=EDGE_CURVE('',#1727,#1727,#1427,.T.);
#2176=EDGE_CURVE('',#1728,#1728,#1428,.T.);
#2177=EDGE_CURVE('',#1728,#1729,#454,.T.);
#2178=EDGE_CURVE('',#1729,#1729,#1429,.T.);
#2179=EDGE_CURVE('',#1730,#1730,#1430,.T.);
#2180=EDGE_CURVE('',#1730,#1731,#455,.T.);
#2181=EDGE_CURVE('',#1731,#1731,#1431,.T.);
#2182=EDGE_CURVE('',#1732,#1732,#1432,.T.);
#2183=EDGE_CURVE('',#1732,#1733,#456,.T.);
#2184=EDGE_CURVE('',#1733,#1733,#1433,.T.);
#2185=EDGE_CURVE('',#1734,#1734,#1434,.T.);
#2186=EDGE_CURVE('',#1734,#1735,#457,.T.);
#2187=EDGE_CURVE('',#1735,#1735,#1435,.T.);
#2188=EDGE_CURVE('',#1736,#1737,#1436,.T.);
#2189=EDGE_CURVE('',#1738,#1736,#458,.T.);
#2190=EDGE_CURVE('',#1739,#1738,#1437,.T.);
#2191=EDGE_CURVE('',#1737,#1739,#459,.T.);
#2192=EDGE_CURVE('',#1740,#1741,#1438,.T.);
#2193=EDGE_CURVE('',#1741,#1736,#460,.T.);
#2194=EDGE_CURVE('',#1737,#1740,#461,.T.);
#2195=EDGE_CURVE('',#1742,#1743,#1439,.T.);
#2196=EDGE_CURVE('',#1743,#1739,#462,.T.);
#2197=EDGE_CURVE('',#1738,#1742,#463,.T.);
#2198=EDGE_CURVE('',#1740,#1743,#464,.T.);
#2199=EDGE_CURVE('',#1742,#1741,#465,.T.);
#2200=ORIENTED_EDGE('',*,*,#1744,.F.);
#2201=ORIENTED_EDGE('',*,*,#1745,.T.);
#2202=ORIENTED_EDGE('',*,*,#1746,.F.);
#2203=ORIENTED_EDGE('',*,*,#1747,.T.);
#2204=ORIENTED_EDGE('',*,*,#1744,.T.);
#2205=ORIENTED_EDGE('',*,*,#1747,.F.);
#2206=ORIENTED_EDGE('',*,*,#1745,.F.);
#2207=ORIENTED_EDGE('',*,*,#1748,.T.);
#2208=ORIENTED_EDGE('',*,*,#1749,.F.);
#2209=ORIENTED_EDGE('',*,*,#1748,.F.);
#2210=ORIENTED_EDGE('',*,*,#1750,.F.);
#2211=ORIENTED_EDGE('',*,*,#1751,.T.);
#2212=ORIENTED_EDGE('',*,*,#1752,.F.);
#2213=ORIENTED_EDGE('',*,*,#1753,.T.);
#2214=ORIENTED_EDGE('',*,*,#1750,.T.);
#2215=ORIENTED_EDGE('',*,*,#1753,.F.);
#2216=ORIENTED_EDGE('',*,*,#1751,.F.);
#2217=ORIENTED_EDGE('',*,*,#1754,.T.);
#2218=ORIENTED_EDGE('',*,*,#1755,.F.);
#2219=ORIENTED_EDGE('',*,*,#1754,.F.);
#2220=ORIENTED_EDGE('',*,*,#1756,.F.);
#2221=ORIENTED_EDGE('',*,*,#1757,.F.);
#2222=ORIENTED_EDGE('',*,*,#1758,.F.);
#2223=ORIENTED_EDGE('',*,*,#1759,.T.);
#2224=ORIENTED_EDGE('',*,*,#1760,.F.);
#2225=ORIENTED_EDGE('',*,*,#1761,.F.);
#2226=ORIENTED_EDGE('',*,*,#1759,.F.);
#2227=ORIENTED_EDGE('',*,*,#1762,.F.);
#2228=ORIENTED_EDGE('',*,*,#1763,.T.);
#2229=ORIENTED_EDGE('',*,*,#1764,.F.);
#2230=ORIENTED_EDGE('',*,*,#1765,.F.);
#2231=ORIENTED_EDGE('',*,*,#1763,.F.);
#2232=ORIENTED_EDGE('',*,*,#1766,.F.);
#2233=ORIENTED_EDGE('',*,*,#1767,.F.);
#2234=ORIENTED_EDGE('',*,*,#1766,.T.);
#2235=ORIENTED_EDGE('',*,*,#1762,.T.);
#2236=ORIENTED_EDGE('',*,*,#1758,.T.);
#2237=ORIENTED_EDGE('',*,*,#1768,.F.);
#2238=ORIENTED_EDGE('',*,*,#1769,.F.);
#2239=ORIENTED_EDGE('',*,*,#1770,.T.);
#2240=ORIENTED_EDGE('',*,*,#1757,.T.);
#2241=ORIENTED_EDGE('',*,*,#1771,.T.);
#2242=ORIENTED_EDGE('',*,*,#1772,.T.);
#2243=ORIENTED_EDGE('',*,*,#1768,.T.);
#2244=ORIENTED_EDGE('',*,*,#1746,.T.);
#2245=ORIENTED_EDGE('',*,*,#1752,.T.);
#2246=ORIENTED_EDGE('',*,*,#1756,.T.);
#2247=ORIENTED_EDGE('',*,*,#1773,.T.);
#2248=ORIENTED_EDGE('',*,*,#1774,.F.);
#2249=ORIENTED_EDGE('',*,*,#1771,.F.);
#2250=ORIENTED_EDGE('',*,*,#1765,.T.);
#2251=ORIENTED_EDGE('',*,*,#1775,.T.);
#2252=ORIENTED_EDGE('',*,*,#1776,.F.);
#2253=ORIENTED_EDGE('',*,*,#1773,.F.);
#2254=ORIENTED_EDGE('',*,*,#1760,.T.);
#2255=ORIENTED_EDGE('',*,*,#1761,.T.);
#2256=ORIENTED_EDGE('',*,*,#1764,.T.);
#2257=ORIENTED_EDGE('',*,*,#1777,.F.);
#2258=ORIENTED_EDGE('',*,*,#1778,.F.);
#2259=ORIENTED_EDGE('',*,*,#1775,.F.);
#2260=ORIENTED_EDGE('',*,*,#1774,.T.);
#2261=ORIENTED_EDGE('',*,*,#1776,.T.);
#2262=ORIENTED_EDGE('',*,*,#1778,.T.);
#2263=ORIENTED_EDGE('',*,*,#1779,.T.);
#2264=ORIENTED_EDGE('',*,*,#1769,.T.);
#2265=ORIENTED_EDGE('',*,*,#1772,.F.);
#2266=ORIENTED_EDGE('',*,*,#1767,.T.);
#2267=ORIENTED_EDGE('',*,*,#1770,.F.);
#2268=ORIENTED_EDGE('',*,*,#1779,.F.);
#2269=ORIENTED_EDGE('',*,*,#1777,.T.);
#2270=ORIENTED_EDGE('',*,*,#1749,.T.);
#2271=ORIENTED_EDGE('',*,*,#1755,.T.);
#2272=ORIENTED_EDGE('',*,*,#1780,.F.);
#2273=ORIENTED_EDGE('',*,*,#1781,.T.);
#2274=ORIENTED_EDGE('',*,*,#1782,.F.);
#2275=ORIENTED_EDGE('',*,*,#1783,.F.);
#2276=ORIENTED_EDGE('',*,*,#1784,.F.);
#2277=ORIENTED_EDGE('',*,*,#1783,.T.);
#2278=ORIENTED_EDGE('',*,*,#1785,.F.);
#2279=ORIENTED_EDGE('',*,*,#1786,.F.);
#2280=ORIENTED_EDGE('',*,*,#1787,.F.);
#2281=ORIENTED_EDGE('',*,*,#1788,.T.);
#2282=ORIENTED_EDGE('',*,*,#1789,.F.);
#2283=ORIENTED_EDGE('',*,*,#1781,.F.);
#2284=ORIENTED_EDGE('',*,*,#1789,.T.);
#2285=ORIENTED_EDGE('',*,*,#1790,.T.);
#2286=ORIENTED_EDGE('',*,*,#1785,.T.);
#2287=ORIENTED_EDGE('',*,*,#1782,.T.);
#2288=ORIENTED_EDGE('',*,*,#1791,.F.);
#2289=ORIENTED_EDGE('',*,*,#1792,.T.);
#2290=ORIENTED_EDGE('',*,*,#1793,.F.);
#2291=ORIENTED_EDGE('',*,*,#1792,.F.);
#2292=ORIENTED_EDGE('',*,*,#1794,.F.);
#2293=ORIENTED_EDGE('',*,*,#1795,.T.);
#2294=ORIENTED_EDGE('',*,*,#1796,.T.);
#2295=ORIENTED_EDGE('',*,*,#1797,.F.);
#2296=ORIENTED_EDGE('',*,*,#1798,.F.);
#2297=ORIENTED_EDGE('',*,*,#1799,.T.);
#2298=ORIENTED_EDGE('',*,*,#1800,.T.);
#2299=ORIENTED_EDGE('',*,*,#1795,.F.);
#2300=ORIENTED_EDGE('',*,*,#1801,.F.);
#2301=ORIENTED_EDGE('',*,*,#1802,.T.);
#2302=ORIENTED_EDGE('',*,*,#1803,.T.);
#2303=ORIENTED_EDGE('',*,*,#1799,.F.);
#2304=ORIENTED_EDGE('',*,*,#1804,.F.);
#2305=ORIENTED_EDGE('',*,*,#1805,.T.);
#2306=ORIENTED_EDGE('',*,*,#1806,.T.);
#2307=ORIENTED_EDGE('',*,*,#1802,.F.);
#2308=ORIENTED_EDGE('',*,*,#1807,.F.);
#2309=ORIENTED_EDGE('',*,*,#1808,.T.);
#2310=ORIENTED_EDGE('',*,*,#1809,.T.);
#2311=ORIENTED_EDGE('',*,*,#1805,.F.);
#2312=ORIENTED_EDGE('',*,*,#1810,.F.);
#2313=ORIENTED_EDGE('',*,*,#1797,.T.);
#2314=ORIENTED_EDGE('',*,*,#1811,.T.);
#2315=ORIENTED_EDGE('',*,*,#1808,.F.);
#2316=ORIENTED_EDGE('',*,*,#1811,.F.);
#2317=ORIENTED_EDGE('',*,*,#1796,.F.);
#2318=ORIENTED_EDGE('',*,*,#1800,.F.);
#2319=ORIENTED_EDGE('',*,*,#1803,.F.);
#2320=ORIENTED_EDGE('',*,*,#1806,.F.);
#2321=ORIENTED_EDGE('',*,*,#1809,.F.);
#2322=ORIENTED_EDGE('',*,*,#1791,.T.);
#2323=ORIENTED_EDGE('',*,*,#1812,.F.);
#2324=ORIENTED_EDGE('',*,*,#1813,.F.);
#2325=ORIENTED_EDGE('',*,*,#1814,.F.);
#2326=ORIENTED_EDGE('',*,*,#1815,.F.);
#2327=ORIENTED_EDGE('',*,*,#1816,.F.);
#2328=ORIENTED_EDGE('',*,*,#1817,.F.);
#2329=ORIENTED_EDGE('',*,*,#1818,.F.);
#2330=ORIENTED_EDGE('',*,*,#1819,.F.);
#2331=ORIENTED_EDGE('',*,*,#1820,.F.);
#2332=ORIENTED_EDGE('',*,*,#1821,.T.);
#2333=ORIENTED_EDGE('',*,*,#1822,.F.);
#2334=ORIENTED_EDGE('',*,*,#1821,.F.);
#2335=ORIENTED_EDGE('',*,*,#1823,.F.);
#2336=ORIENTED_EDGE('',*,*,#1813,.T.);
#2337=ORIENTED_EDGE('',*,*,#1816,.T.);
#2338=ORIENTED_EDGE('',*,*,#1824,.F.);
#2339=ORIENTED_EDGE('',*,*,#1825,.F.);
#2340=ORIENTED_EDGE('',*,*,#1826,.F.);
#2341=ORIENTED_EDGE('',*,*,#1814,.T.);
#2342=ORIENTED_EDGE('',*,*,#1823,.T.);
#2343=ORIENTED_EDGE('',*,*,#1820,.T.);
#2344=ORIENTED_EDGE('',*,*,#1827,.T.);
#2345=ORIENTED_EDGE('',*,*,#1786,.T.);
#2346=ORIENTED_EDGE('',*,*,#1790,.F.);
#2347=ORIENTED_EDGE('',*,*,#1788,.F.);
#2348=ORIENTED_EDGE('',*,*,#1828,.T.);
#2349=ORIENTED_EDGE('',*,*,#1829,.T.);
#2350=ORIENTED_EDGE('',*,*,#1830,.F.);
#2351=ORIENTED_EDGE('',*,*,#1784,.T.);
#2352=ORIENTED_EDGE('',*,*,#1827,.F.);
#2353=ORIENTED_EDGE('',*,*,#1819,.T.);
#2354=ORIENTED_EDGE('',*,*,#1831,.T.);
#2355=ORIENTED_EDGE('',*,*,#1832,.F.);
#2356=ORIENTED_EDGE('',*,*,#1828,.F.);
#2357=ORIENTED_EDGE('',*,*,#1787,.T.);
#2358=ORIENTED_EDGE('',*,*,#1780,.T.);
#2359=ORIENTED_EDGE('',*,*,#1793,.T.);
#2360=ORIENTED_EDGE('',*,*,#1818,.T.);
#2361=ORIENTED_EDGE('',*,*,#1833,.T.);
#2362=ORIENTED_EDGE('',*,*,#1834,.F.);
#2363=ORIENTED_EDGE('',*,*,#1831,.F.);
#2364=ORIENTED_EDGE('',*,*,#1812,.T.);
#2365=ORIENTED_EDGE('',*,*,#1826,.T.);
#2366=ORIENTED_EDGE('',*,*,#1835,.F.);
#2367=ORIENTED_EDGE('',*,*,#1833,.F.);
#2368=ORIENTED_EDGE('',*,*,#1817,.T.);
#2369=ORIENTED_EDGE('',*,*,#1822,.T.);
#2370=ORIENTED_EDGE('',*,*,#1825,.T.);
#2371=ORIENTED_EDGE('',*,*,#1836,.F.);
#2372=ORIENTED_EDGE('',*,*,#1829,.F.);
#2373=ORIENTED_EDGE('',*,*,#1832,.T.);
#2374=ORIENTED_EDGE('',*,*,#1834,.T.);
#2375=ORIENTED_EDGE('',*,*,#1835,.T.);
#2376=ORIENTED_EDGE('',*,*,#1815,.T.);
#2377=ORIENTED_EDGE('',*,*,#1830,.T.);
#2378=ORIENTED_EDGE('',*,*,#1836,.T.);
#2379=ORIENTED_EDGE('',*,*,#1824,.T.);
#2380=ORIENTED_EDGE('',*,*,#1794,.T.);
#2381=ORIENTED_EDGE('',*,*,#1810,.T.);
#2382=ORIENTED_EDGE('',*,*,#1807,.T.);
#2383=ORIENTED_EDGE('',*,*,#1804,.T.);
#2384=ORIENTED_EDGE('',*,*,#1801,.T.);
#2385=ORIENTED_EDGE('',*,*,#1798,.T.);
#2386=ORIENTED_EDGE('',*,*,#1837,.F.);
#2387=ORIENTED_EDGE('',*,*,#1838,.T.);
#2388=ORIENTED_EDGE('',*,*,#1839,.F.);
#2389=ORIENTED_EDGE('',*,*,#1840,.T.);
#2390=ORIENTED_EDGE('',*,*,#1837,.T.);
#2391=ORIENTED_EDGE('',*,*,#1840,.F.);
#2392=ORIENTED_EDGE('',*,*,#1838,.F.);
#2393=ORIENTED_EDGE('',*,*,#1841,.T.);
#2394=ORIENTED_EDGE('',*,*,#1842,.F.);
#2395=ORIENTED_EDGE('',*,*,#1841,.F.);
#2396=ORIENTED_EDGE('',*,*,#1843,.F.);
#2397=ORIENTED_EDGE('',*,*,#1844,.T.);
#2398=ORIENTED_EDGE('',*,*,#1845,.F.);
#2399=ORIENTED_EDGE('',*,*,#1844,.F.);
#2400=ORIENTED_EDGE('',*,*,#1846,.F.);
#2401=ORIENTED_EDGE('',*,*,#1847,.T.);
#2402=ORIENTED_EDGE('',*,*,#1848,.F.);
#2403=ORIENTED_EDGE('',*,*,#1847,.F.);
#2404=ORIENTED_EDGE('',*,*,#1849,.F.);
#2405=ORIENTED_EDGE('',*,*,#1850,.T.);
#2406=ORIENTED_EDGE('',*,*,#1851,.F.);
#2407=ORIENTED_EDGE('',*,*,#1850,.F.);
#2408=ORIENTED_EDGE('',*,*,#1852,.F.);
#2409=ORIENTED_EDGE('',*,*,#1853,.T.);
#2410=ORIENTED_EDGE('',*,*,#1854,.F.);
#2411=ORIENTED_EDGE('',*,*,#1853,.F.);
#2412=ORIENTED_EDGE('',*,*,#1855,.F.);
#2413=ORIENTED_EDGE('',*,*,#1856,.T.);
#2414=ORIENTED_EDGE('',*,*,#1857,.T.);
#2415=ORIENTED_EDGE('',*,*,#1858,.F.);
#2416=ORIENTED_EDGE('',*,*,#1859,.F.);
#2417=ORIENTED_EDGE('',*,*,#1860,.T.);
#2418=ORIENTED_EDGE('',*,*,#1861,.T.);
#2419=ORIENTED_EDGE('',*,*,#1856,.F.);
#2420=ORIENTED_EDGE('',*,*,#1862,.F.);
#2421=ORIENTED_EDGE('',*,*,#1863,.T.);
#2422=ORIENTED_EDGE('',*,*,#1864,.T.);
#2423=ORIENTED_EDGE('',*,*,#1860,.F.);
#2424=ORIENTED_EDGE('',*,*,#1865,.F.);
#2425=ORIENTED_EDGE('',*,*,#1866,.T.);
#2426=ORIENTED_EDGE('',*,*,#1867,.T.);
#2427=ORIENTED_EDGE('',*,*,#1863,.F.);
#2428=ORIENTED_EDGE('',*,*,#1868,.F.);
#2429=ORIENTED_EDGE('',*,*,#1869,.T.);
#2430=ORIENTED_EDGE('',*,*,#1870,.T.);
#2431=ORIENTED_EDGE('',*,*,#1866,.F.);
#2432=ORIENTED_EDGE('',*,*,#1871,.F.);
#2433=ORIENTED_EDGE('',*,*,#1858,.T.);
#2434=ORIENTED_EDGE('',*,*,#1872,.T.);
#2435=ORIENTED_EDGE('',*,*,#1869,.F.);
#2436=ORIENTED_EDGE('',*,*,#1872,.F.);
#2437=ORIENTED_EDGE('',*,*,#1857,.F.);
#2438=ORIENTED_EDGE('',*,*,#1861,.F.);
#2439=ORIENTED_EDGE('',*,*,#1864,.F.);
#2440=ORIENTED_EDGE('',*,*,#1867,.F.);
#2441=ORIENTED_EDGE('',*,*,#1870,.F.);
#2442=ORIENTED_EDGE('',*,*,#1873,.F.);
#2443=ORIENTED_EDGE('',*,*,#1874,.F.);
#2444=ORIENTED_EDGE('',*,*,#1875,.T.);
#2445=ORIENTED_EDGE('',*,*,#1876,.T.);
#2446=ORIENTED_EDGE('',*,*,#1877,.F.);
#2447=ORIENTED_EDGE('',*,*,#1878,.F.);
#2448=ORIENTED_EDGE('',*,*,#1879,.T.);
#2449=ORIENTED_EDGE('',*,*,#1880,.T.);
#2450=ORIENTED_EDGE('',*,*,#1875,.F.);
#2451=ORIENTED_EDGE('',*,*,#1881,.F.);
#2452=ORIENTED_EDGE('',*,*,#1882,.T.);
#2453=ORIENTED_EDGE('',*,*,#1883,.T.);
#2454=ORIENTED_EDGE('',*,*,#1879,.F.);
#2455=ORIENTED_EDGE('',*,*,#1884,.F.);
#2456=ORIENTED_EDGE('',*,*,#1885,.T.);
#2457=ORIENTED_EDGE('',*,*,#1886,.T.);
#2458=ORIENTED_EDGE('',*,*,#1882,.F.);
#2459=ORIENTED_EDGE('',*,*,#1887,.F.);
#2460=ORIENTED_EDGE('',*,*,#1888,.T.);
#2461=ORIENTED_EDGE('',*,*,#1889,.T.);
#2462=ORIENTED_EDGE('',*,*,#1885,.F.);
#2463=ORIENTED_EDGE('',*,*,#1890,.F.);
#2464=ORIENTED_EDGE('',*,*,#1877,.T.);
#2465=ORIENTED_EDGE('',*,*,#1891,.T.);
#2466=ORIENTED_EDGE('',*,*,#1888,.F.);
#2467=ORIENTED_EDGE('',*,*,#1891,.F.);
#2468=ORIENTED_EDGE('',*,*,#1876,.F.);
#2469=ORIENTED_EDGE('',*,*,#1880,.F.);
#2470=ORIENTED_EDGE('',*,*,#1883,.F.);
#2471=ORIENTED_EDGE('',*,*,#1886,.F.);
#2472=ORIENTED_EDGE('',*,*,#1889,.F.);
#2473=ORIENTED_EDGE('',*,*,#1892,.F.);
#2474=ORIENTED_EDGE('',*,*,#1893,.F.);
#2475=ORIENTED_EDGE('',*,*,#1894,.T.);
#2476=ORIENTED_EDGE('',*,*,#1895,.T.);
#2477=ORIENTED_EDGE('',*,*,#1896,.F.);
#2478=ORIENTED_EDGE('',*,*,#1897,.F.);
#2479=ORIENTED_EDGE('',*,*,#1898,.T.);
#2480=ORIENTED_EDGE('',*,*,#1899,.T.);
#2481=ORIENTED_EDGE('',*,*,#1894,.F.);
#2482=ORIENTED_EDGE('',*,*,#1900,.F.);
#2483=ORIENTED_EDGE('',*,*,#1901,.T.);
#2484=ORIENTED_EDGE('',*,*,#1902,.T.);
#2485=ORIENTED_EDGE('',*,*,#1898,.F.);
#2486=ORIENTED_EDGE('',*,*,#1903,.F.);
#2487=ORIENTED_EDGE('',*,*,#1904,.T.);
#2488=ORIENTED_EDGE('',*,*,#1905,.T.);
#2489=ORIENTED_EDGE('',*,*,#1901,.F.);
#2490=ORIENTED_EDGE('',*,*,#1906,.F.);
#2491=ORIENTED_EDGE('',*,*,#1907,.T.);
#2492=ORIENTED_EDGE('',*,*,#1908,.T.);
#2493=ORIENTED_EDGE('',*,*,#1904,.F.);
#2494=ORIENTED_EDGE('',*,*,#1909,.F.);
#2495=ORIENTED_EDGE('',*,*,#1896,.T.);
#2496=ORIENTED_EDGE('',*,*,#1910,.T.);
#2497=ORIENTED_EDGE('',*,*,#1907,.F.);
#2498=ORIENTED_EDGE('',*,*,#1910,.F.);
#2499=ORIENTED_EDGE('',*,*,#1895,.F.);
#2500=ORIENTED_EDGE('',*,*,#1899,.F.);
#2501=ORIENTED_EDGE('',*,*,#1902,.F.);
#2502=ORIENTED_EDGE('',*,*,#1905,.F.);
#2503=ORIENTED_EDGE('',*,*,#1908,.F.);
#2504=ORIENTED_EDGE('',*,*,#1911,.F.);
#2505=ORIENTED_EDGE('',*,*,#1912,.F.);
#2506=ORIENTED_EDGE('',*,*,#1913,.T.);
#2507=ORIENTED_EDGE('',*,*,#1914,.T.);
#2508=ORIENTED_EDGE('',*,*,#1915,.F.);
#2509=ORIENTED_EDGE('',*,*,#1916,.F.);
#2510=ORIENTED_EDGE('',*,*,#1917,.T.);
#2511=ORIENTED_EDGE('',*,*,#1918,.T.);
#2512=ORIENTED_EDGE('',*,*,#1913,.F.);
#2513=ORIENTED_EDGE('',*,*,#1919,.F.);
#2514=ORIENTED_EDGE('',*,*,#1920,.T.);
#2515=ORIENTED_EDGE('',*,*,#1921,.T.);
#2516=ORIENTED_EDGE('',*,*,#1917,.F.);
#2517=ORIENTED_EDGE('',*,*,#1922,.F.);
#2518=ORIENTED_EDGE('',*,*,#1923,.T.);
#2519=ORIENTED_EDGE('',*,*,#1924,.T.);
#2520=ORIENTED_EDGE('',*,*,#1920,.F.);
#2521=ORIENTED_EDGE('',*,*,#1925,.F.);
#2522=ORIENTED_EDGE('',*,*,#1926,.T.);
#2523=ORIENTED_EDGE('',*,*,#1927,.T.);
#2524=ORIENTED_EDGE('',*,*,#1923,.F.);
#2525=ORIENTED_EDGE('',*,*,#1928,.F.);
#2526=ORIENTED_EDGE('',*,*,#1915,.T.);
#2527=ORIENTED_EDGE('',*,*,#1929,.T.);
#2528=ORIENTED_EDGE('',*,*,#1926,.F.);
#2529=ORIENTED_EDGE('',*,*,#1929,.F.);
#2530=ORIENTED_EDGE('',*,*,#1914,.F.);
#2531=ORIENTED_EDGE('',*,*,#1918,.F.);
#2532=ORIENTED_EDGE('',*,*,#1921,.F.);
#2533=ORIENTED_EDGE('',*,*,#1924,.F.);
#2534=ORIENTED_EDGE('',*,*,#1927,.F.);
#2535=ORIENTED_EDGE('',*,*,#1930,.F.);
#2536=ORIENTED_EDGE('',*,*,#1931,.F.);
#2537=ORIENTED_EDGE('',*,*,#1932,.T.);
#2538=ORIENTED_EDGE('',*,*,#1873,.T.);
#2539=ORIENTED_EDGE('',*,*,#1932,.F.);
#2540=ORIENTED_EDGE('',*,*,#1933,.F.);
#2541=ORIENTED_EDGE('',*,*,#1934,.T.);
#2542=ORIENTED_EDGE('',*,*,#1911,.T.);
#2543=ORIENTED_EDGE('',*,*,#1934,.F.);
#2544=ORIENTED_EDGE('',*,*,#1935,.F.);
#2545=ORIENTED_EDGE('',*,*,#1936,.T.);
#2546=ORIENTED_EDGE('',*,*,#1930,.T.);
#2547=ORIENTED_EDGE('',*,*,#1936,.F.);
#2548=ORIENTED_EDGE('',*,*,#1937,.F.);
#2549=ORIENTED_EDGE('',*,*,#1938,.T.);
#2550=ORIENTED_EDGE('',*,*,#1892,.T.);
#2551=ORIENTED_EDGE('',*,*,#1938,.F.);
#2552=ORIENTED_EDGE('',*,*,#1939,.F.);
#2553=ORIENTED_EDGE('',*,*,#1940,.T.);
#2554=ORIENTED_EDGE('',*,*,#1941,.T.);
#2555=ORIENTED_EDGE('',*,*,#1942,.F.);
#2556=ORIENTED_EDGE('',*,*,#1943,.F.);
#2557=ORIENTED_EDGE('',*,*,#1944,.T.);
#2558=ORIENTED_EDGE('',*,*,#1945,.T.);
#2559=ORIENTED_EDGE('',*,*,#1940,.F.);
#2560=ORIENTED_EDGE('',*,*,#1946,.F.);
#2561=ORIENTED_EDGE('',*,*,#1947,.T.);
#2562=ORIENTED_EDGE('',*,*,#1948,.T.);
#2563=ORIENTED_EDGE('',*,*,#1944,.F.);
#2564=ORIENTED_EDGE('',*,*,#1949,.F.);
#2565=ORIENTED_EDGE('',*,*,#1942,.T.);
#2566=ORIENTED_EDGE('',*,*,#1950,.T.);
#2567=ORIENTED_EDGE('',*,*,#1947,.F.);
#2568=ORIENTED_EDGE('',*,*,#1950,.F.);
#2569=ORIENTED_EDGE('',*,*,#1941,.F.);
#2570=ORIENTED_EDGE('',*,*,#1945,.F.);
#2571=ORIENTED_EDGE('',*,*,#1948,.F.);
#2572=ORIENTED_EDGE('',*,*,#1951,.F.);
#2573=ORIENTED_EDGE('',*,*,#1952,.T.);
#2574=ORIENTED_EDGE('',*,*,#1953,.T.);
#2575=ORIENTED_EDGE('',*,*,#1954,.F.);
#2576=ORIENTED_EDGE('',*,*,#1955,.F.);
#2577=ORIENTED_EDGE('',*,*,#1956,.T.);
#2578=ORIENTED_EDGE('',*,*,#1957,.T.);
#2579=ORIENTED_EDGE('',*,*,#1952,.F.);
#2580=ORIENTED_EDGE('',*,*,#1958,.F.);
#2581=ORIENTED_EDGE('',*,*,#1959,.F.);
#2582=ORIENTED_EDGE('',*,*,#1960,.T.);
#2583=ORIENTED_EDGE('',*,*,#1956,.F.);
#2584=ORIENTED_EDGE('',*,*,#1961,.F.);
#2585=ORIENTED_EDGE('',*,*,#1953,.F.);
#2586=ORIENTED_EDGE('',*,*,#1957,.F.);
#2587=ORIENTED_EDGE('',*,*,#1960,.F.);
#2588=ORIENTED_EDGE('',*,*,#1954,.T.);
#2589=ORIENTED_EDGE('',*,*,#1961,.T.);
#2590=ORIENTED_EDGE('',*,*,#1959,.T.);
#2591=ORIENTED_EDGE('',*,*,#1962,.F.);
#2592=ORIENTED_EDGE('',*,*,#1963,.F.);
#2593=ORIENTED_EDGE('',*,*,#1964,.T.);
#2594=ORIENTED_EDGE('',*,*,#1965,.T.);
#2595=ORIENTED_EDGE('',*,*,#1966,.F.);
#2596=ORIENTED_EDGE('',*,*,#1967,.T.);
#2597=ORIENTED_EDGE('',*,*,#1963,.T.);
#2598=ORIENTED_EDGE('',*,*,#1968,.F.);
#2599=ORIENTED_EDGE('',*,*,#1969,.F.);
#2600=ORIENTED_EDGE('',*,*,#1970,.T.);
#2601=ORIENTED_EDGE('',*,*,#1969,.T.);
#2602=ORIENTED_EDGE('',*,*,#1971,.F.);
#2603=ORIENTED_EDGE('',*,*,#1972,.F.);
#2604=ORIENTED_EDGE('',*,*,#1973,.T.);
#2605=ORIENTED_EDGE('',*,*,#1972,.T.);
#2606=ORIENTED_EDGE('',*,*,#1974,.F.);
#2607=ORIENTED_EDGE('',*,*,#1965,.F.);
#2608=ORIENTED_EDGE('',*,*,#1951,.T.);
#2609=ORIENTED_EDGE('',*,*,#1966,.T.);
#2610=ORIENTED_EDGE('',*,*,#1974,.T.);
#2611=ORIENTED_EDGE('',*,*,#1971,.T.);
#2612=ORIENTED_EDGE('',*,*,#1968,.T.);
#2613=ORIENTED_EDGE('',*,*,#1962,.T.);
#2614=ORIENTED_EDGE('',*,*,#1958,.T.);
#2615=ORIENTED_EDGE('',*,*,#1955,.T.);
#2616=ORIENTED_EDGE('',*,*,#1842,.T.);
#2617=ORIENTED_EDGE('',*,*,#1843,.T.);
#2618=ORIENTED_EDGE('',*,*,#1846,.T.);
#2619=ORIENTED_EDGE('',*,*,#1849,.T.);
#2620=ORIENTED_EDGE('',*,*,#1852,.T.);
#2621=ORIENTED_EDGE('',*,*,#1931,.T.);
#2622=ORIENTED_EDGE('',*,*,#1933,.T.);
#2623=ORIENTED_EDGE('',*,*,#1935,.T.);
#2624=ORIENTED_EDGE('',*,*,#1937,.T.);
#2625=ORIENTED_EDGE('',*,*,#1939,.T.);
#2626=ORIENTED_EDGE('',*,*,#1949,.T.);
#2627=ORIENTED_EDGE('',*,*,#1946,.T.);
#2628=ORIENTED_EDGE('',*,*,#1943,.T.);
#2629=ORIENTED_EDGE('',*,*,#1964,.F.);
#2630=ORIENTED_EDGE('',*,*,#1967,.F.);
#2631=ORIENTED_EDGE('',*,*,#1970,.F.);
#2632=ORIENTED_EDGE('',*,*,#1973,.F.);
#2633=ORIENTED_EDGE('',*,*,#1839,.T.);
#2634=ORIENTED_EDGE('',*,*,#1845,.T.);
#2635=ORIENTED_EDGE('',*,*,#1848,.T.);
#2636=ORIENTED_EDGE('',*,*,#1851,.T.);
#2637=ORIENTED_EDGE('',*,*,#1854,.T.);
#2638=ORIENTED_EDGE('',*,*,#1855,.T.);
#2639=ORIENTED_EDGE('',*,*,#1871,.T.);
#2640=ORIENTED_EDGE('',*,*,#1868,.T.);
#2641=ORIENTED_EDGE('',*,*,#1865,.T.);
#2642=ORIENTED_EDGE('',*,*,#1862,.T.);
#2643=ORIENTED_EDGE('',*,*,#1859,.T.);
#2644=ORIENTED_EDGE('',*,*,#1874,.T.);
#2645=ORIENTED_EDGE('',*,*,#1890,.T.);
#2646=ORIENTED_EDGE('',*,*,#1887,.T.);
#2647=ORIENTED_EDGE('',*,*,#1884,.T.);
#2648=ORIENTED_EDGE('',*,*,#1881,.T.);
#2649=ORIENTED_EDGE('',*,*,#1878,.T.);
#2650=ORIENTED_EDGE('',*,*,#1893,.T.);
#2651=ORIENTED_EDGE('',*,*,#1909,.T.);
#2652=ORIENTED_EDGE('',*,*,#1906,.T.);
#2653=ORIENTED_EDGE('',*,*,#1903,.T.);
#2654=ORIENTED_EDGE('',*,*,#1900,.T.);
#2655=ORIENTED_EDGE('',*,*,#1897,.T.);
#2656=ORIENTED_EDGE('',*,*,#1912,.T.);
#2657=ORIENTED_EDGE('',*,*,#1928,.T.);
#2658=ORIENTED_EDGE('',*,*,#1925,.T.);
#2659=ORIENTED_EDGE('',*,*,#1922,.T.);
#2660=ORIENTED_EDGE('',*,*,#1919,.T.);
#2661=ORIENTED_EDGE('',*,*,#1916,.T.);
#2662=ORIENTED_EDGE('',*,*,#1975,.F.);
#2663=ORIENTED_EDGE('',*,*,#1976,.T.);
#2664=ORIENTED_EDGE('',*,*,#1977,.F.);
#2665=ORIENTED_EDGE('',*,*,#1978,.F.);
#2666=ORIENTED_EDGE('',*,*,#1979,.F.);
#2667=ORIENTED_EDGE('',*,*,#1978,.T.);
#2668=ORIENTED_EDGE('',*,*,#1980,.F.);
#2669=ORIENTED_EDGE('',*,*,#1981,.F.);
#2670=ORIENTED_EDGE('',*,*,#1982,.F.);
#2671=ORIENTED_EDGE('',*,*,#1981,.T.);
#2672=ORIENTED_EDGE('',*,*,#1983,.F.);
#2673=ORIENTED_EDGE('',*,*,#1984,.F.);
#2674=ORIENTED_EDGE('',*,*,#1985,.F.);
#2675=ORIENTED_EDGE('',*,*,#1984,.T.);
#2676=ORIENTED_EDGE('',*,*,#1986,.F.);
#2677=ORIENTED_EDGE('',*,*,#1976,.F.);
#2678=ORIENTED_EDGE('',*,*,#1986,.T.);
#2679=ORIENTED_EDGE('',*,*,#1983,.T.);
#2680=ORIENTED_EDGE('',*,*,#1980,.T.);
#2681=ORIENTED_EDGE('',*,*,#1977,.T.);
#2682=ORIENTED_EDGE('',*,*,#1987,.F.);
#2683=ORIENTED_EDGE('',*,*,#1988,.F.);
#2684=ORIENTED_EDGE('',*,*,#1989,.F.);
#2685=ORIENTED_EDGE('',*,*,#1990,.F.);
#2686=ORIENTED_EDGE('',*,*,#1991,.F.);
#2687=ORIENTED_EDGE('',*,*,#1992,.F.);
#2688=ORIENTED_EDGE('',*,*,#1993,.F.);
#2689=ORIENTED_EDGE('',*,*,#1994,.F.);
#2690=ORIENTED_EDGE('',*,*,#1995,.F.);
#2691=ORIENTED_EDGE('',*,*,#1996,.T.);
#2692=ORIENTED_EDGE('',*,*,#1997,.F.);
#2693=ORIENTED_EDGE('',*,*,#1996,.F.);
#2694=ORIENTED_EDGE('',*,*,#1998,.F.);
#2695=ORIENTED_EDGE('',*,*,#1988,.T.);
#2696=ORIENTED_EDGE('',*,*,#1991,.T.);
#2697=ORIENTED_EDGE('',*,*,#1999,.F.);
#2698=ORIENTED_EDGE('',*,*,#2000,.F.);
#2699=ORIENTED_EDGE('',*,*,#2001,.F.);
#2700=ORIENTED_EDGE('',*,*,#1989,.T.);
#2701=ORIENTED_EDGE('',*,*,#1998,.T.);
#2702=ORIENTED_EDGE('',*,*,#1995,.T.);
#2703=ORIENTED_EDGE('',*,*,#2002,.T.);
#2704=ORIENTED_EDGE('',*,*,#2003,.T.);
#2705=ORIENTED_EDGE('',*,*,#2004,.F.);
#2706=ORIENTED_EDGE('',*,*,#1994,.T.);
#2707=ORIENTED_EDGE('',*,*,#2005,.T.);
#2708=ORIENTED_EDGE('',*,*,#2006,.F.);
#2709=ORIENTED_EDGE('',*,*,#2002,.F.);
#2710=ORIENTED_EDGE('',*,*,#1975,.T.);
#2711=ORIENTED_EDGE('',*,*,#1979,.T.);
#2712=ORIENTED_EDGE('',*,*,#1982,.T.);
#2713=ORIENTED_EDGE('',*,*,#1985,.T.);
#2714=ORIENTED_EDGE('',*,*,#1993,.T.);
#2715=ORIENTED_EDGE('',*,*,#2007,.T.);
#2716=ORIENTED_EDGE('',*,*,#2008,.F.);
#2717=ORIENTED_EDGE('',*,*,#2005,.F.);
#2718=ORIENTED_EDGE('',*,*,#1987,.T.);
#2719=ORIENTED_EDGE('',*,*,#2001,.T.);
#2720=ORIENTED_EDGE('',*,*,#2009,.F.);
#2721=ORIENTED_EDGE('',*,*,#2007,.F.);
#2722=ORIENTED_EDGE('',*,*,#1992,.T.);
#2723=ORIENTED_EDGE('',*,*,#1997,.T.);
#2724=ORIENTED_EDGE('',*,*,#2000,.T.);
#2725=ORIENTED_EDGE('',*,*,#2010,.F.);
#2726=ORIENTED_EDGE('',*,*,#2003,.F.);
#2727=ORIENTED_EDGE('',*,*,#2006,.T.);
#2728=ORIENTED_EDGE('',*,*,#2008,.T.);
#2729=ORIENTED_EDGE('',*,*,#2009,.T.);
#2730=ORIENTED_EDGE('',*,*,#1990,.T.);
#2731=ORIENTED_EDGE('',*,*,#2004,.T.);
#2732=ORIENTED_EDGE('',*,*,#2010,.T.);
#2733=ORIENTED_EDGE('',*,*,#1999,.T.);
#2734=ORIENTED_EDGE('',*,*,#2011,.F.);
#2735=ORIENTED_EDGE('',*,*,#2012,.T.);
#2736=ORIENTED_EDGE('',*,*,#2013,.F.);
#2737=ORIENTED_EDGE('',*,*,#2014,.T.);
#2738=ORIENTED_EDGE('',*,*,#2011,.T.);
#2739=ORIENTED_EDGE('',*,*,#2014,.F.);
#2740=ORIENTED_EDGE('',*,*,#2012,.F.);
#2741=ORIENTED_EDGE('',*,*,#2015,.T.);
#2742=ORIENTED_EDGE('',*,*,#2016,.F.);
#2743=ORIENTED_EDGE('',*,*,#2015,.F.);
#2744=ORIENTED_EDGE('',*,*,#2017,.T.);
#2745=ORIENTED_EDGE('',*,*,#2018,.T.);
#2746=ORIENTED_EDGE('',*,*,#2019,.T.);
#2747=ORIENTED_EDGE('',*,*,#2020,.T.);
#2748=ORIENTED_EDGE('',*,*,#2021,.T.);
#2749=ORIENTED_EDGE('',*,*,#2022,.F.);
#2750=ORIENTED_EDGE('',*,*,#2023,.T.);
#2751=ORIENTED_EDGE('',*,*,#2024,.F.);
#2752=ORIENTED_EDGE('',*,*,#2025,.T.);
#2753=ORIENTED_EDGE('',*,*,#2026,.T.);
#2754=ORIENTED_EDGE('',*,*,#2021,.F.);
#2755=ORIENTED_EDGE('',*,*,#2027,.F.);
#2756=ORIENTED_EDGE('',*,*,#2028,.F.);
#2757=ORIENTED_EDGE('',*,*,#2020,.F.);
#2758=ORIENTED_EDGE('',*,*,#2029,.F.);
#2759=ORIENTED_EDGE('',*,*,#2030,.T.);
#2760=ORIENTED_EDGE('',*,*,#2031,.F.);
#2761=ORIENTED_EDGE('',*,*,#2032,.F.);
#2762=ORIENTED_EDGE('',*,*,#2033,.T.);
#2763=ORIENTED_EDGE('',*,*,#2034,.F.);
#2764=ORIENTED_EDGE('',*,*,#2035,.F.);
#2765=ORIENTED_EDGE('',*,*,#2036,.F.);
#2766=ORIENTED_EDGE('',*,*,#2027,.T.);
#2767=ORIENTED_EDGE('',*,*,#2037,.T.);
#2768=ORIENTED_EDGE('',*,*,#2038,.T.);
#2769=ORIENTED_EDGE('',*,*,#2039,.T.);
#2770=ORIENTED_EDGE('',*,*,#2040,.T.);
#2771=ORIENTED_EDGE('',*,*,#2041,.T.);
#2772=ORIENTED_EDGE('',*,*,#2042,.F.);
#2773=ORIENTED_EDGE('',*,*,#2043,.T.);
#2774=ORIENTED_EDGE('',*,*,#2044,.F.);
#2775=ORIENTED_EDGE('',*,*,#2045,.T.);
#2776=ORIENTED_EDGE('',*,*,#2032,.T.);
#2777=ORIENTED_EDGE('',*,*,#2041,.F.);
#2778=ORIENTED_EDGE('',*,*,#2046,.F.);
#2779=ORIENTED_EDGE('',*,*,#2047,.F.);
#2780=ORIENTED_EDGE('',*,*,#2026,.F.);
#2781=ORIENTED_EDGE('',*,*,#2048,.T.);
#2782=ORIENTED_EDGE('',*,*,#2049,.F.);
#2783=ORIENTED_EDGE('',*,*,#2050,.F.);
#2784=ORIENTED_EDGE('',*,*,#2051,.F.);
#2785=ORIENTED_EDGE('',*,*,#2046,.T.);
#2786=ORIENTED_EDGE('',*,*,#2040,.F.);
#2787=ORIENTED_EDGE('',*,*,#2052,.F.);
#2788=ORIENTED_EDGE('',*,*,#2053,.T.);
#2789=ORIENTED_EDGE('',*,*,#2054,.F.);
#2790=ORIENTED_EDGE('',*,*,#2037,.F.);
#2791=ORIENTED_EDGE('',*,*,#2031,.T.);
#2792=ORIENTED_EDGE('',*,*,#2055,.T.);
#2793=ORIENTED_EDGE('',*,*,#2056,.T.);
#2794=ORIENTED_EDGE('',*,*,#2055,.F.);
#2795=ORIENTED_EDGE('',*,*,#2030,.F.);
#2796=ORIENTED_EDGE('',*,*,#2057,.F.);
#2797=ORIENTED_EDGE('',*,*,#2058,.F.);
#2798=ORIENTED_EDGE('',*,*,#2059,.F.);
#2799=ORIENTED_EDGE('',*,*,#2053,.F.);
#2800=ORIENTED_EDGE('',*,*,#2060,.F.);
#2801=ORIENTED_EDGE('',*,*,#2061,.F.);
#2802=ORIENTED_EDGE('',*,*,#2013,.T.);
#2803=ORIENTED_EDGE('',*,*,#2062,.T.);
#2804=ORIENTED_EDGE('',*,*,#2034,.T.);
#2805=ORIENTED_EDGE('',*,*,#2063,.T.);
#2806=ORIENTED_EDGE('',*,*,#2044,.T.);
#2807=ORIENTED_EDGE('',*,*,#2064,.T.);
#2808=ORIENTED_EDGE('',*,*,#2064,.F.);
#2809=ORIENTED_EDGE('',*,*,#2043,.F.);
#2810=ORIENTED_EDGE('',*,*,#2065,.F.);
#2811=ORIENTED_EDGE('',*,*,#2066,.F.);
#2812=ORIENTED_EDGE('',*,*,#2067,.T.);
#2813=ORIENTED_EDGE('',*,*,#2068,.T.);
#2814=ORIENTED_EDGE('',*,*,#2022,.T.);
#2815=ORIENTED_EDGE('',*,*,#2028,.T.);
#2816=ORIENTED_EDGE('',*,*,#2036,.T.);
#2817=ORIENTED_EDGE('',*,*,#2019,.F.);
#2818=ORIENTED_EDGE('',*,*,#2069,.T.);
#2819=ORIENTED_EDGE('',*,*,#2057,.T.);
#2820=ORIENTED_EDGE('',*,*,#2029,.T.);
#2821=ORIENTED_EDGE('',*,*,#2018,.F.);
#2822=ORIENTED_EDGE('',*,*,#2070,.F.);
#2823=ORIENTED_EDGE('',*,*,#2058,.T.);
#2824=ORIENTED_EDGE('',*,*,#2069,.F.);
#2825=ORIENTED_EDGE('',*,*,#2025,.F.);
#2826=ORIENTED_EDGE('',*,*,#2071,.F.);
#2827=ORIENTED_EDGE('',*,*,#2048,.F.);
#2828=ORIENTED_EDGE('',*,*,#2017,.F.);
#2829=ORIENTED_EDGE('',*,*,#2054,.T.);
#2830=ORIENTED_EDGE('',*,*,#2059,.T.);
#2831=ORIENTED_EDGE('',*,*,#2070,.T.);
#2832=ORIENTED_EDGE('',*,*,#2072,.T.);
#2833=ORIENTED_EDGE('',*,*,#2049,.T.);
#2834=ORIENTED_EDGE('',*,*,#2071,.T.);
#2835=ORIENTED_EDGE('',*,*,#2024,.T.);
#2836=ORIENTED_EDGE('',*,*,#2073,.T.);
#2837=ORIENTED_EDGE('',*,*,#2068,.F.);
#2838=ORIENTED_EDGE('',*,*,#2074,.F.);
#2839=ORIENTED_EDGE('',*,*,#2073,.F.);
#2840=ORIENTED_EDGE('',*,*,#2023,.F.);
#2841=ORIENTED_EDGE('',*,*,#2039,.F.);
#2842=ORIENTED_EDGE('',*,*,#2075,.T.);
#2843=ORIENTED_EDGE('',*,*,#2060,.T.);
#2844=ORIENTED_EDGE('',*,*,#2052,.T.);
#2845=ORIENTED_EDGE('',*,*,#2045,.F.);
#2846=ORIENTED_EDGE('',*,*,#2063,.F.);
#2847=ORIENTED_EDGE('',*,*,#2033,.F.);
#2848=ORIENTED_EDGE('',*,*,#2076,.T.);
#2849=ORIENTED_EDGE('',*,*,#2065,.T.);
#2850=ORIENTED_EDGE('',*,*,#2042,.T.);
#2851=ORIENTED_EDGE('',*,*,#2047,.T.);
#2852=ORIENTED_EDGE('',*,*,#2051,.T.);
#2853=ORIENTED_EDGE('',*,*,#2038,.F.);
#2854=ORIENTED_EDGE('',*,*,#2056,.F.);
#2855=ORIENTED_EDGE('',*,*,#2061,.T.);
#2856=ORIENTED_EDGE('',*,*,#2075,.F.);
#2857=ORIENTED_EDGE('',*,*,#2062,.F.);
#2858=ORIENTED_EDGE('',*,*,#2066,.T.);
#2859=ORIENTED_EDGE('',*,*,#2076,.F.);
#2860=ORIENTED_EDGE('',*,*,#2050,.T.);
#2861=ORIENTED_EDGE('',*,*,#2072,.F.);
#2862=ORIENTED_EDGE('',*,*,#2074,.T.);
#2863=ORIENTED_EDGE('',*,*,#2067,.F.);
#2864=ORIENTED_EDGE('',*,*,#2035,.T.);
#2865=ORIENTED_EDGE('',*,*,#2016,.T.);
#2866=ORIENTED_EDGE('',*,*,#2077,.F.);
#2867=ORIENTED_EDGE('',*,*,#2078,.T.);
#2868=ORIENTED_EDGE('',*,*,#2079,.T.);
#2869=ORIENTED_EDGE('',*,*,#2080,.F.);
#2870=ORIENTED_EDGE('',*,*,#2081,.F.);
#2871=ORIENTED_EDGE('',*,*,#2082,.T.);
#2872=ORIENTED_EDGE('',*,*,#2083,.T.);
#2873=ORIENTED_EDGE('',*,*,#2078,.F.);
#2874=ORIENTED_EDGE('',*,*,#2084,.F.);
#2875=ORIENTED_EDGE('',*,*,#2085,.T.);
#2876=ORIENTED_EDGE('',*,*,#2086,.T.);
#2877=ORIENTED_EDGE('',*,*,#2082,.F.);
#2878=ORIENTED_EDGE('',*,*,#2087,.F.);
#2879=ORIENTED_EDGE('',*,*,#2088,.T.);
#2880=ORIENTED_EDGE('',*,*,#2089,.T.);
#2881=ORIENTED_EDGE('',*,*,#2085,.F.);
#2882=ORIENTED_EDGE('',*,*,#2090,.F.);
#2883=ORIENTED_EDGE('',*,*,#2091,.T.);
#2884=ORIENTED_EDGE('',*,*,#2092,.T.);
#2885=ORIENTED_EDGE('',*,*,#2088,.F.);
#2886=ORIENTED_EDGE('',*,*,#2093,.F.);
#2887=ORIENTED_EDGE('',*,*,#2080,.T.);
#2888=ORIENTED_EDGE('',*,*,#2094,.T.);
#2889=ORIENTED_EDGE('',*,*,#2091,.F.);
#2890=ORIENTED_EDGE('',*,*,#2094,.F.);
#2891=ORIENTED_EDGE('',*,*,#2079,.F.);
#2892=ORIENTED_EDGE('',*,*,#2083,.F.);
#2893=ORIENTED_EDGE('',*,*,#2086,.F.);
#2894=ORIENTED_EDGE('',*,*,#2089,.F.);
#2895=ORIENTED_EDGE('',*,*,#2092,.F.);
#2896=ORIENTED_EDGE('',*,*,#2095,.F.);
#2897=ORIENTED_EDGE('',*,*,#2096,.F.);
#2898=ORIENTED_EDGE('',*,*,#2097,.T.);
#2899=ORIENTED_EDGE('',*,*,#2095,.T.);
#2900=ORIENTED_EDGE('',*,*,#2097,.F.);
#2901=ORIENTED_EDGE('',*,*,#2098,.T.);
#2902=ORIENTED_EDGE('',*,*,#2099,.T.);
#2903=ORIENTED_EDGE('',*,*,#2100,.T.);
#2904=ORIENTED_EDGE('',*,*,#2101,.T.);
#2905=ORIENTED_EDGE('',*,*,#2098,.F.);
#2906=ORIENTED_EDGE('',*,*,#2102,.F.);
#2907=ORIENTED_EDGE('',*,*,#2103,.F.);
#2908=ORIENTED_EDGE('',*,*,#2104,.F.);
#2909=ORIENTED_EDGE('',*,*,#2105,.F.);
#2910=ORIENTED_EDGE('',*,*,#2106,.F.);
#2911=ORIENTED_EDGE('',*,*,#2107,.F.);
#2912=ORIENTED_EDGE('',*,*,#2108,.F.);
#2913=ORIENTED_EDGE('',*,*,#2101,.F.);
#2914=ORIENTED_EDGE('',*,*,#2109,.F.);
#2915=ORIENTED_EDGE('',*,*,#2110,.F.);
#2916=ORIENTED_EDGE('',*,*,#2111,.T.);
#2917=ORIENTED_EDGE('',*,*,#2112,.F.);
#2918=ORIENTED_EDGE('',*,*,#2113,.F.);
#2919=ORIENTED_EDGE('',*,*,#2114,.F.);
#2920=ORIENTED_EDGE('',*,*,#2102,.T.);
#2921=ORIENTED_EDGE('',*,*,#2115,.T.);
#2922=ORIENTED_EDGE('',*,*,#2116,.T.);
#2923=ORIENTED_EDGE('',*,*,#2103,.T.);
#2924=ORIENTED_EDGE('',*,*,#2114,.T.);
#2925=ORIENTED_EDGE('',*,*,#2115,.F.);
#2926=ORIENTED_EDGE('',*,*,#2113,.T.);
#2927=ORIENTED_EDGE('',*,*,#2117,.F.);
#2928=ORIENTED_EDGE('',*,*,#2118,.T.);
#2929=ORIENTED_EDGE('',*,*,#2119,.F.);
#2930=ORIENTED_EDGE('',*,*,#2120,.T.);
#2931=ORIENTED_EDGE('',*,*,#2121,.F.);
#2932=ORIENTED_EDGE('',*,*,#2122,.T.);
#2933=ORIENTED_EDGE('',*,*,#2096,.T.);
#2934=ORIENTED_EDGE('',*,*,#2117,.T.);
#2935=ORIENTED_EDGE('',*,*,#2112,.T.);
#2936=ORIENTED_EDGE('',*,*,#2123,.T.);
#2937=ORIENTED_EDGE('',*,*,#2124,.T.);
#2938=ORIENTED_EDGE('',*,*,#2124,.F.);
#2939=ORIENTED_EDGE('',*,*,#2125,.T.);
#2940=ORIENTED_EDGE('',*,*,#2126,.F.);
#2941=ORIENTED_EDGE('',*,*,#2118,.F.);
#2942=ORIENTED_EDGE('',*,*,#2127,.T.);
#2943=ORIENTED_EDGE('',*,*,#2110,.T.);
#2944=ORIENTED_EDGE('',*,*,#2128,.T.);
#2945=ORIENTED_EDGE('',*,*,#2129,.T.);
#2946=ORIENTED_EDGE('',*,*,#2127,.F.);
#2947=ORIENTED_EDGE('',*,*,#2130,.F.);
#2948=ORIENTED_EDGE('',*,*,#2131,.F.);
#2949=ORIENTED_EDGE('',*,*,#2132,.F.);
#2950=ORIENTED_EDGE('',*,*,#2133,.F.);
#2951=ORIENTED_EDGE('',*,*,#2125,.F.);
#2952=ORIENTED_EDGE('',*,*,#2123,.F.);
#2953=ORIENTED_EDGE('',*,*,#2111,.F.);
#2954=ORIENTED_EDGE('',*,*,#2107,.T.);
#2955=ORIENTED_EDGE('',*,*,#2134,.T.);
#2956=ORIENTED_EDGE('',*,*,#2135,.T.);
#2957=ORIENTED_EDGE('',*,*,#2136,.T.);
#2958=ORIENTED_EDGE('',*,*,#2100,.F.);
#2959=ORIENTED_EDGE('',*,*,#2137,.T.);
#2960=ORIENTED_EDGE('',*,*,#2135,.F.);
#2961=ORIENTED_EDGE('',*,*,#2138,.T.);
#2962=ORIENTED_EDGE('',*,*,#2139,.F.);
#2963=ORIENTED_EDGE('',*,*,#2140,.T.);
#2964=ORIENTED_EDGE('',*,*,#2128,.F.);
#2965=ORIENTED_EDGE('',*,*,#2109,.T.);
#2966=ORIENTED_EDGE('',*,*,#2077,.T.);
#2967=ORIENTED_EDGE('',*,*,#2093,.T.);
#2968=ORIENTED_EDGE('',*,*,#2090,.T.);
#2969=ORIENTED_EDGE('',*,*,#2087,.T.);
#2970=ORIENTED_EDGE('',*,*,#2084,.T.);
#2971=ORIENTED_EDGE('',*,*,#2081,.T.);
#2972=ORIENTED_EDGE('',*,*,#2134,.F.);
#2973=ORIENTED_EDGE('',*,*,#2106,.T.);
#2974=ORIENTED_EDGE('',*,*,#2141,.F.);
#2975=ORIENTED_EDGE('',*,*,#2120,.F.);
#2976=ORIENTED_EDGE('',*,*,#2142,.F.);
#2977=ORIENTED_EDGE('',*,*,#2132,.T.);
#2978=ORIENTED_EDGE('',*,*,#2143,.F.);
#2979=ORIENTED_EDGE('',*,*,#2138,.F.);
#2980=ORIENTED_EDGE('',*,*,#2131,.T.);
#2981=ORIENTED_EDGE('',*,*,#2144,.T.);
#2982=ORIENTED_EDGE('',*,*,#2139,.T.);
#2983=ORIENTED_EDGE('',*,*,#2143,.T.);
#2984=ORIENTED_EDGE('',*,*,#2121,.T.);
#2985=ORIENTED_EDGE('',*,*,#2141,.T.);
#2986=ORIENTED_EDGE('',*,*,#2105,.T.);
#2987=ORIENTED_EDGE('',*,*,#2145,.T.);
#2988=ORIENTED_EDGE('',*,*,#2119,.T.);
#2989=ORIENTED_EDGE('',*,*,#2126,.T.);
#2990=ORIENTED_EDGE('',*,*,#2133,.T.);
#2991=ORIENTED_EDGE('',*,*,#2142,.T.);
#2992=ORIENTED_EDGE('',*,*,#2116,.F.);
#2993=ORIENTED_EDGE('',*,*,#2122,.F.);
#2994=ORIENTED_EDGE('',*,*,#2145,.F.);
#2995=ORIENTED_EDGE('',*,*,#2104,.T.);
#2996=ORIENTED_EDGE('',*,*,#2129,.F.);
#2997=ORIENTED_EDGE('',*,*,#2140,.F.);
#2998=ORIENTED_EDGE('',*,*,#2144,.F.);
#2999=ORIENTED_EDGE('',*,*,#2130,.T.);
#3000=ORIENTED_EDGE('',*,*,#2099,.F.);
#3001=ORIENTED_EDGE('',*,*,#2108,.T.);
#3002=ORIENTED_EDGE('',*,*,#2136,.F.);
#3003=ORIENTED_EDGE('',*,*,#2137,.F.);
#3004=ORIENTED_EDGE('',*,*,#2146,.F.);
#3005=ORIENTED_EDGE('',*,*,#2147,.T.);
#3006=ORIENTED_EDGE('',*,*,#2148,.T.);
#3007=ORIENTED_EDGE('',*,*,#2147,.F.);
#3008=ORIENTED_EDGE('',*,*,#2146,.T.);
#3009=ORIENTED_EDGE('',*,*,#2148,.F.);
#3010=ORIENTED_EDGE('',*,*,#2149,.T.);
#3011=ORIENTED_EDGE('',*,*,#2150,.T.);
#3012=ORIENTED_EDGE('',*,*,#2151,.T.);
#3013=ORIENTED_EDGE('',*,*,#2152,.T.);
#3014=ORIENTED_EDGE('',*,*,#2150,.F.);
#3015=ORIENTED_EDGE('',*,*,#2152,.F.);
#3016=ORIENTED_EDGE('',*,*,#2153,.T.);
#3017=ORIENTED_EDGE('',*,*,#2154,.T.);
#3018=ORIENTED_EDGE('',*,*,#2153,.F.);
#3019=ORIENTED_EDGE('',*,*,#2151,.F.);
#3020=ORIENTED_EDGE('',*,*,#2149,.F.);
#3021=ORIENTED_EDGE('',*,*,#2154,.F.);
#3022=ORIENTED_EDGE('',*,*,#2155,.T.);
#3023=ORIENTED_EDGE('',*,*,#2155,.F.);
#3024=ORIENTED_EDGE('',*,*,#2156,.T.);
#3025=ORIENTED_EDGE('',*,*,#2157,.T.);
#3026=ORIENTED_EDGE('',*,*,#2156,.F.);
#3027=ORIENTED_EDGE('',*,*,#2157,.F.);
#3028=ORIENTED_EDGE('',*,*,#2158,.F.);
#3029=ORIENTED_EDGE('',*,*,#2159,.T.);
#3030=ORIENTED_EDGE('',*,*,#2160,.F.);
#3031=ORIENTED_EDGE('',*,*,#2159,.F.);
#3032=ORIENTED_EDGE('',*,*,#2158,.T.);
#3033=ORIENTED_EDGE('',*,*,#2161,.F.);
#3034=ORIENTED_EDGE('',*,*,#2162,.T.);
#3035=ORIENTED_EDGE('',*,*,#2163,.F.);
#3036=ORIENTED_EDGE('',*,*,#2162,.F.);
#3037=ORIENTED_EDGE('',*,*,#2164,.F.);
#3038=ORIENTED_EDGE('',*,*,#2165,.T.);
#3039=ORIENTED_EDGE('',*,*,#2166,.F.);
#3040=ORIENTED_EDGE('',*,*,#2165,.F.);
#3041=ORIENTED_EDGE('',*,*,#2167,.F.);
#3042=ORIENTED_EDGE('',*,*,#2168,.T.);
#3043=ORIENTED_EDGE('',*,*,#2169,.F.);
#3044=ORIENTED_EDGE('',*,*,#2168,.F.);
#3045=ORIENTED_EDGE('',*,*,#2170,.F.);
#3046=ORIENTED_EDGE('',*,*,#2171,.T.);
#3047=ORIENTED_EDGE('',*,*,#2172,.F.);
#3048=ORIENTED_EDGE('',*,*,#2171,.F.);
#3049=ORIENTED_EDGE('',*,*,#2173,.F.);
#3050=ORIENTED_EDGE('',*,*,#2174,.T.);
#3051=ORIENTED_EDGE('',*,*,#2175,.F.);
#3052=ORIENTED_EDGE('',*,*,#2174,.F.);
#3053=ORIENTED_EDGE('',*,*,#2176,.F.);
#3054=ORIENTED_EDGE('',*,*,#2177,.T.);
#3055=ORIENTED_EDGE('',*,*,#2178,.F.);
#3056=ORIENTED_EDGE('',*,*,#2177,.F.);
#3057=ORIENTED_EDGE('',*,*,#2179,.F.);
#3058=ORIENTED_EDGE('',*,*,#2180,.T.);
#3059=ORIENTED_EDGE('',*,*,#2181,.F.);
#3060=ORIENTED_EDGE('',*,*,#2180,.F.);
#3061=ORIENTED_EDGE('',*,*,#2182,.F.);
#3062=ORIENTED_EDGE('',*,*,#2183,.T.);
#3063=ORIENTED_EDGE('',*,*,#2184,.F.);
#3064=ORIENTED_EDGE('',*,*,#2183,.F.);
#3065=ORIENTED_EDGE('',*,*,#2185,.F.);
#3066=ORIENTED_EDGE('',*,*,#2186,.T.);
#3067=ORIENTED_EDGE('',*,*,#2187,.F.);
#3068=ORIENTED_EDGE('',*,*,#2186,.F.);
#3069=ORIENTED_EDGE('',*,*,#2188,.F.);
#3070=ORIENTED_EDGE('',*,*,#2189,.F.);
#3071=ORIENTED_EDGE('',*,*,#2190,.F.);
#3072=ORIENTED_EDGE('',*,*,#2191,.F.);
#3073=ORIENTED_EDGE('',*,*,#2160,.T.);
#3074=ORIENTED_EDGE('',*,*,#2163,.T.);
#3075=ORIENTED_EDGE('',*,*,#2166,.T.);
#3076=ORIENTED_EDGE('',*,*,#2169,.T.);
#3077=ORIENTED_EDGE('',*,*,#2172,.T.);
#3078=ORIENTED_EDGE('',*,*,#2175,.T.);
#3079=ORIENTED_EDGE('',*,*,#2178,.T.);
#3080=ORIENTED_EDGE('',*,*,#2181,.T.);
#3081=ORIENTED_EDGE('',*,*,#2184,.T.);
#3082=ORIENTED_EDGE('',*,*,#2187,.T.);
#3083=ORIENTED_EDGE('',*,*,#2192,.T.);
#3084=ORIENTED_EDGE('',*,*,#2193,.T.);
#3085=ORIENTED_EDGE('',*,*,#2188,.T.);
#3086=ORIENTED_EDGE('',*,*,#2194,.T.);
#3087=ORIENTED_EDGE('',*,*,#2195,.T.);
#3088=ORIENTED_EDGE('',*,*,#2196,.T.);
#3089=ORIENTED_EDGE('',*,*,#2190,.T.);
#3090=ORIENTED_EDGE('',*,*,#2197,.T.);
#3091=ORIENTED_EDGE('',*,*,#2194,.F.);
#3092=ORIENTED_EDGE('',*,*,#2191,.T.);
#3093=ORIENTED_EDGE('',*,*,#2196,.F.);
#3094=ORIENTED_EDGE('',*,*,#2198,.F.);
#3095=ORIENTED_EDGE('',*,*,#2193,.F.);
#3096=ORIENTED_EDGE('',*,*,#2199,.F.);
#3097=ORIENTED_EDGE('',*,*,#2197,.F.);
#3098=ORIENTED_EDGE('',*,*,#2189,.T.);
#3099=ORIENTED_EDGE('',*,*,#2192,.F.);
#3100=ORIENTED_EDGE('',*,*,#2198,.T.);
#3101=ORIENTED_EDGE('',*,*,#2195,.F.);
#3102=ORIENTED_EDGE('',*,*,#2199,.T.);
#3103=ORIENTED_EDGE('',*,*,#2161,.T.);
#3104=ORIENTED_EDGE('',*,*,#2164,.T.);
#3105=ORIENTED_EDGE('',*,*,#2167,.T.);
#3106=ORIENTED_EDGE('',*,*,#2170,.T.);
#3107=ORIENTED_EDGE('',*,*,#2173,.T.);
#3108=ORIENTED_EDGE('',*,*,#2176,.T.);
#3109=ORIENTED_EDGE('',*,*,#2179,.T.);
#3110=ORIENTED_EDGE('',*,*,#2182,.T.);
#3111=ORIENTED_EDGE('',*,*,#2185,.T.);
#3112=PLANE('',#3543);
#3113=PLANE('',#3550);
#3114=PLANE('',#3557);
#3115=PLANE('',#3559);
#3116=PLANE('',#3560);
#3117=PLANE('',#3562);
#3118=PLANE('',#3563);
#3119=PLANE('',#3564);
#3120=PLANE('',#3567);
#3121=PLANE('',#3568);
#3122=PLANE('',#3569);
#3123=PLANE('',#3571);
#3124=PLANE('',#3572);
#3125=PLANE('',#3573);
#3126=PLANE('',#3574);
#3127=PLANE('',#3578);
#3128=PLANE('',#3579);
#3129=PLANE('',#3580);
#3130=PLANE('',#3581);
#3131=PLANE('',#3582);
#3132=PLANE('',#3583);
#3133=PLANE('',#3584);
#3134=PLANE('',#3585);
#3135=PLANE('',#3587);
#3136=PLANE('',#3589);
#3137=PLANE('',#3590);
#3138=PLANE('',#3591);
#3139=PLANE('',#3592);
#3140=PLANE('',#3593);
#3141=PLANE('',#3596);
#3142=PLANE('',#3597);
#3143=PLANE('',#3600);
#3144=PLANE('',#3619);
#3145=PLANE('',#3620);
#3146=PLANE('',#3621);
#3147=PLANE('',#3622);
#3148=PLANE('',#3623);
#3149=PLANE('',#3624);
#3150=PLANE('',#3625);
#3151=PLANE('',#3627);
#3152=PLANE('',#3628);
#3153=PLANE('',#3629);
#3154=PLANE('',#3630);
#3155=PLANE('',#3631);
#3156=PLANE('',#3632);
#3157=PLANE('',#3633);
#3158=PLANE('',#3635);
#3159=PLANE('',#3636);
#3160=PLANE('',#3637);
#3161=PLANE('',#3638);
#3162=PLANE('',#3639);
#3163=PLANE('',#3640);
#3164=PLANE('',#3641);
#3165=PLANE('',#3643);
#3166=PLANE('',#3644);
#3167=PLANE('',#3645);
#3168=PLANE('',#3646);
#3169=PLANE('',#3647);
#3170=PLANE('',#3648);
#3171=PLANE('',#3649);
#3172=PLANE('',#3659);
#3173=PLANE('',#3660);
#3174=PLANE('',#3661);
#3175=PLANE('',#3662);
#3176=PLANE('',#3663);
#3177=PLANE('',#3664);
#3178=PLANE('',#3665);
#3179=PLANE('',#3666);
#3180=PLANE('',#3667);
#3181=PLANE('',#3668);
#3182=PLANE('',#3669);
#3183=PLANE('',#3670);
#3184=PLANE('',#3671);
#3185=PLANE('',#3672);
#3186=PLANE('',#3673);
#3187=PLANE('',#3677);
#3188=PLANE('',#3678);
#3189=PLANE('',#3679);
#3190=PLANE('',#3680);
#3191=PLANE('',#3681);
#3192=PLANE('',#3682);
#3193=PLANE('',#3684);
#3194=PLANE('',#3686);
#3195=PLANE('',#3687);
#3196=PLANE('',#3688);
#3197=PLANE('',#3689);
#3198=PLANE('',#3690);
#3199=PLANE('',#3693);
#3200=PLANE('',#3694);
#3201=PLANE('',#3696);
#3202=PLANE('',#3710);
#3203=PLANE('',#3711);
#3204=PLANE('',#3719);
#3205=PLANE('',#3720);
#3206=PLANE('',#3721);
#3207=PLANE('',#3722);
#3208=PLANE('',#3723);
#3209=PLANE('',#3724);
#3210=PLANE('',#3725);
#3211=PLANE('',#3726);
#3212=PLANE('',#3727);
#3213=PLANE('',#3728);
#3214=PLANE('',#3729);
#3215=PLANE('',#3730);
#3216=PLANE('',#3731);
#3217=PLANE('',#3732);
#3218=PLANE('',#3733);
#3219=PLANE('',#3734);
#3220=PLANE('',#3735);
#3221=PLANE('',#3736);
#3222=PLANE('',#3738);
#3223=PLANE('',#3739);
#3224=PLANE('',#3740);
#3225=PLANE('',#3741);
#3226=PLANE('',#3742);
#3227=PLANE('',#3743);
#3228=PLANE('',#3744);
#3229=PLANE('',#3748);
#3230=PLANE('',#3749);
#3231=PLANE('',#3750);
#3232=PLANE('',#3751);
#3233=PLANE('',#3752);
#3234=PLANE('',#3753);
#3235=PLANE('',#3754);
#3236=PLANE('',#3755);
#3237=PLANE('',#3756);
#3238=PLANE('',#3757);
#3239=PLANE('',#3758);
#3240=PLANE('',#3759);
#3241=PLANE('',#3760);
#3242=PLANE('',#3761);
#3243=PLANE('',#3762);
#3244=PLANE('',#3763);
#3245=PLANE('',#3764);
#3246=PLANE('',#3765);
#3247=PLANE('',#3770);
#3248=PLANE('',#3771);
#3249=PLANE('',#3780);
#3250=PLANE('',#3781);
#3251=PLANE('',#3785);
#3252=PLANE('',#3790);
#3253=PLANE('',#3818);
#3254=PLANE('',#3825);
#3255=PLANE('',#3826);
#3256=PLANE('',#3827);
#3257=ADVANCED_FACE('',(#930,#870),#3112,.F.);
#3258=ADVANCED_FACE('',(#931),#832,.F.);
#3259=ADVANCED_FACE('',(#932),#833,.F.);
#3260=ADVANCED_FACE('',(#933,#871),#3113,.F.);
#3261=ADVANCED_FACE('',(#934),#834,.F.);
#3262=ADVANCED_FACE('',(#935),#835,.F.);
#3263=ADVANCED_FACE('',(#936),#3114,.F.);
#3264=ADVANCED_FACE('',(#937),#3115,.F.);
#3265=ADVANCED_FACE('',(#938),#3116,.F.);
#3266=ADVANCED_FACE('',(#939),#3117,.T.);
#3267=ADVANCED_FACE('',(#940,#872,#873),#3118,.T.);
#3268=ADVANCED_FACE('',(#941),#3119,.F.);
#3269=ADVANCED_FACE('',(#942),#836,.F.);
#3270=ADVANCED_FACE('',(#943),#3120,.F.);
#3271=ADVANCED_FACE('',(#944),#3121,.T.);
#3272=ADVANCED_FACE('',(#945,#874,#875),#3122,.F.);
#3273=ADVANCED_FACE('',(#946),#3123,.T.);
#3274=ADVANCED_FACE('',(#947),#3124,.T.);
#3275=ADVANCED_FACE('',(#948),#3125,.T.);
#3276=ADVANCED_FACE('',(#949),#3126,.T.);
#3277=ADVANCED_FACE('',(#950),#837,.F.);
#3278=ADVANCED_FACE('',(#951),#3127,.F.);
#3279=ADVANCED_FACE('',(#952),#3128,.F.);
#3280=ADVANCED_FACE('',(#953),#3129,.F.);
#3281=ADVANCED_FACE('',(#954),#3130,.F.);
#3282=ADVANCED_FACE('',(#955),#3131,.F.);
#3283=ADVANCED_FACE('',(#956),#3132,.F.);
#3284=ADVANCED_FACE('',(#957,#876),#3133,.F.);
#3285=ADVANCED_FACE('',(#958),#3134,.F.);
#3286=ADVANCED_FACE('',(#959),#3135,.F.);
#3287=ADVANCED_FACE('',(#960),#3136,.F.);
#3288=ADVANCED_FACE('',(#961),#3137,.F.);
#3289=ADVANCED_FACE('',(#962),#3138,.T.);
#3290=ADVANCED_FACE('',(#963,#877),#3139,.F.);
#3291=ADVANCED_FACE('',(#964),#3140,.F.);
#3292=ADVANCED_FACE('',(#965),#838,.F.);
#3293=ADVANCED_FACE('',(#966),#3141,.T.);
#3294=ADVANCED_FACE('',(#967,#878),#3142,.T.);
#3295=ADVANCED_FACE('',(#968,#879),#3143,.F.);
#3296=ADVANCED_FACE('',(#969),#839,.F.);
#3297=ADVANCED_FACE('',(#970),#840,.F.);
#3298=ADVANCED_FACE('',(#971),#841,.F.);
#3299=ADVANCED_FACE('',(#972),#842,.F.);
#3300=ADVANCED_FACE('',(#973),#843,.F.);
#3301=ADVANCED_FACE('',(#974),#844,.F.);
#3302=ADVANCED_FACE('',(#975),#3144,.F.);
#3303=ADVANCED_FACE('',(#976),#3145,.F.);
#3304=ADVANCED_FACE('',(#977),#3146,.F.);
#3305=ADVANCED_FACE('',(#978),#3147,.F.);
#3306=ADVANCED_FACE('',(#979),#3148,.F.);
#3307=ADVANCED_FACE('',(#980),#3149,.F.);
#3308=ADVANCED_FACE('',(#981,#880),#3150,.F.);
#3309=ADVANCED_FACE('',(#982),#3151,.F.);
#3310=ADVANCED_FACE('',(#983),#3152,.F.);
#3311=ADVANCED_FACE('',(#984),#3153,.F.);
#3312=ADVANCED_FACE('',(#985),#3154,.F.);
#3313=ADVANCED_FACE('',(#986),#3155,.F.);
#3314=ADVANCED_FACE('',(#987),#3156,.F.);
#3315=ADVANCED_FACE('',(#988,#881),#3157,.F.);
#3316=ADVANCED_FACE('',(#989),#3158,.F.);
#3317=ADVANCED_FACE('',(#990),#3159,.F.);
#3318=ADVANCED_FACE('',(#991),#3160,.F.);
#3319=ADVANCED_FACE('',(#992),#3161,.F.);
#3320=ADVANCED_FACE('',(#993),#3162,.F.);
#3321=ADVANCED_FACE('',(#994),#3163,.F.);
#3322=ADVANCED_FACE('',(#995,#882),#3164,.F.);
#3323=ADVANCED_FACE('',(#996),#3165,.F.);
#3324=ADVANCED_FACE('',(#997),#3166,.F.);
#3325=ADVANCED_FACE('',(#998),#3167,.F.);
#3326=ADVANCED_FACE('',(#999),#3168,.F.);
#3327=ADVANCED_FACE('',(#1000),#3169,.F.);
#3328=ADVANCED_FACE('',(#1001),#3170,.F.);
#3329=ADVANCED_FACE('',(#1002,#883),#3171,.F.);
#3330=ADVANCED_FACE('',(#1003),#845,.F.);
#3331=ADVANCED_FACE('',(#1004),#846,.F.);
#3332=ADVANCED_FACE('',(#1005),#847,.F.);
#3333=ADVANCED_FACE('',(#1006),#848,.F.);
#3334=ADVANCED_FACE('',(#1007),#3172,.F.);
#3335=ADVANCED_FACE('',(#1008),#3173,.F.);
#3336=ADVANCED_FACE('',(#1009),#3174,.F.);
#3337=ADVANCED_FACE('',(#1010),#3175,.F.);
#3338=ADVANCED_FACE('',(#1011),#3176,.F.);
#3339=ADVANCED_FACE('',(#1012),#3177,.F.);
#3340=ADVANCED_FACE('',(#1013),#3178,.F.);
#3341=ADVANCED_FACE('',(#1014),#3179,.F.);
#3342=ADVANCED_FACE('',(#1015),#3180,.F.);
#3343=ADVANCED_FACE('',(#1016),#3181,.T.);
#3344=ADVANCED_FACE('',(#1017),#3182,.T.);
#3345=ADVANCED_FACE('',(#1018),#3183,.T.);
#3346=ADVANCED_FACE('',(#1019),#3184,.T.);
#3347=ADVANCED_FACE('',(#1020,#884,#885,#886,#887,#888,#889,#890,#891,#892,
#893),#3185,.T.);
#3348=ADVANCED_FACE('',(#1021,#894,#895,#896,#897,#898,#899,#900,#901,#902),
#3186,.F.);
#3349=ADVANCED_FACE('',(#1022),#3187,.T.);
#3350=ADVANCED_FACE('',(#1023),#3188,.T.);
#3351=ADVANCED_FACE('',(#1024),#3189,.T.);
#3352=ADVANCED_FACE('',(#1025),#3190,.T.);
#3353=ADVANCED_FACE('',(#1026),#3191,.T.);
#3354=ADVANCED_FACE('',(#1027),#3192,.F.);
#3355=ADVANCED_FACE('',(#1028),#3193,.F.);
#3356=ADVANCED_FACE('',(#1029),#3194,.F.);
#3357=ADVANCED_FACE('',(#1030),#3195,.F.);
#3358=ADVANCED_FACE('',(#1031),#3196,.T.);
#3359=ADVANCED_FACE('',(#1032,#903),#3197,.F.);
#3360=ADVANCED_FACE('',(#1033),#3198,.F.);
#3361=ADVANCED_FACE('',(#1034),#849,.F.);
#3362=ADVANCED_FACE('',(#1035),#3199,.T.);
#3363=ADVANCED_FACE('',(#1036),#3200,.T.);
#3364=ADVANCED_FACE('',(#1037,#904),#3201,.F.);
#3365=ADVANCED_FACE('',(#1038),#850,.F.);
#3366=ADVANCED_FACE('',(#1039),#851,.F.);
#3367=ADVANCED_FACE('',(#1040),#852,.T.);
#3368=ADVANCED_FACE('',(#1041),#3202,.F.);
#3369=ADVANCED_FACE('',(#1042),#3203,.T.);
#3370=ADVANCED_FACE('',(#1043),#853,.T.);
#3371=ADVANCED_FACE('',(#1044),#3204,.F.);
#3372=ADVANCED_FACE('',(#1045),#3205,.T.);
#3373=ADVANCED_FACE('',(#1046),#3206,.T.);
#3374=ADVANCED_FACE('',(#1047,#905),#3207,.F.);
#3375=ADVANCED_FACE('',(#1048),#3208,.T.);
#3376=ADVANCED_FACE('',(#1049),#3209,.F.);
#3377=ADVANCED_FACE('',(#1050),#3210,.T.);
#3378=ADVANCED_FACE('',(#1051),#3211,.T.);
#3379=ADVANCED_FACE('',(#1052),#3212,.T.);
#3380=ADVANCED_FACE('',(#1053),#3213,.F.);
#3381=ADVANCED_FACE('',(#1054),#3214,.T.);
#3382=ADVANCED_FACE('',(#1055),#3215,.T.);
#3383=ADVANCED_FACE('',(#1056),#3216,.F.);
#3384=ADVANCED_FACE('',(#1057),#3217,.T.);
#3385=ADVANCED_FACE('',(#1058),#3218,.F.);
#3386=ADVANCED_FACE('',(#1059),#3219,.T.);
#3387=ADVANCED_FACE('',(#1060),#3220,.T.);
#3388=ADVANCED_FACE('',(#1061,#906),#3221,.T.);
#3389=ADVANCED_FACE('',(#1062),#3222,.F.);
#3390=ADVANCED_FACE('',(#1063),#3223,.F.);
#3391=ADVANCED_FACE('',(#1064),#3224,.F.);
#3392=ADVANCED_FACE('',(#1065),#3225,.F.);
#3393=ADVANCED_FACE('',(#1066),#3226,.F.);
#3394=ADVANCED_FACE('',(#1067),#3227,.F.);
#3395=ADVANCED_FACE('',(#1068,#907),#3228,.T.);
#3396=ADVANCED_FACE('',(#1069),#854,.F.);
#3397=ADVANCED_FACE('',(#1070),#3229,.T.);
#3398=ADVANCED_FACE('',(#1071),#3230,.F.);
#3399=ADVANCED_FACE('',(#1072),#3231,.T.);
#3400=ADVANCED_FACE('',(#1073),#3232,.T.);
#3401=ADVANCED_FACE('',(#1074,#908),#3233,.T.);
#3402=ADVANCED_FACE('',(#1075),#3234,.T.);
#3403=ADVANCED_FACE('',(#1076),#3235,.F.);
#3404=ADVANCED_FACE('',(#1077),#3236,.T.);
#3405=ADVANCED_FACE('',(#1078),#3237,.F.);
#3406=ADVANCED_FACE('',(#1079),#3238,.T.);
#3407=ADVANCED_FACE('',(#1080,#909),#3239,.F.);
#3408=ADVANCED_FACE('',(#1081),#3240,.T.);
#3409=ADVANCED_FACE('',(#1082),#3241,.T.);
#3410=ADVANCED_FACE('',(#1083),#3242,.T.);
#3411=ADVANCED_FACE('',(#1084),#3243,.T.);
#3412=ADVANCED_FACE('',(#1085),#3244,.F.);
#3413=ADVANCED_FACE('',(#1086),#3245,.T.);
#3414=ADVANCED_FACE('',(#1087),#3246,.T.);
#3415=ADVANCED_FACE('',(#1088),#855,.T.);
#3416=ADVANCED_FACE('',(#1089),#3247,.T.);
#3417=ADVANCED_FACE('',(#1090),#3248,.F.);
#3418=ADVANCED_FACE('',(#1091),#11,.T.);
#3419=ADVANCED_FACE('',(#1092),#856,.T.);
#3420=ADVANCED_FACE('',(#1093),#3249,.T.);
#3421=ADVANCED_FACE('',(#1094,#910),#3250,.F.);
#3422=ADVANCED_FACE('',(#1095),#857,.T.);
#3423=ADVANCED_FACE('',(#1096),#3251,.F.);
#3424=ADVANCED_FACE('',(#1097),#858,.T.);
#3425=ADVANCED_FACE('',(#1098),#3252,.F.);
#3426=ADVANCED_FACE('',(#1099),#859,.F.);
#3427=ADVANCED_FACE('',(#1100),#860,.F.);
#3428=ADVANCED_FACE('',(#1101),#861,.F.);
#3429=ADVANCED_FACE('',(#1102),#862,.F.);
#3430=ADVANCED_FACE('',(#1103),#863,.F.);
#3431=ADVANCED_FACE('',(#1104),#864,.F.);
#3432=ADVANCED_FACE('',(#1105),#865,.F.);
#3433=ADVANCED_FACE('',(#1106),#866,.F.);
#3434=ADVANCED_FACE('',(#1107),#867,.F.);
#3435=ADVANCED_FACE('',(#1108,#911,#912,#913,#914,#915,#916,#917,#918,#919,
#920),#3253,.F.);
#3436=ADVANCED_FACE('',(#1109),#868,.T.);
#3437=ADVANCED_FACE('',(#1110),#869,.T.);
#3438=ADVANCED_FACE('',(#1111),#3254,.T.);
#3439=ADVANCED_FACE('',(#1112),#3255,.T.);
#3440=ADVANCED_FACE('',(#1113,#921,#922,#923,#924,#925,#926,#927,#928,#929),
#3256,.T.);
#3441=CLOSED_SHELL('',(#3257,#3258,#3259,#3260,#3261,#3262,#3263,#3264,
#3265,#3266,#3267,#3268,#3269,#3270,#3271,#3272));
#3442=CLOSED_SHELL('',(#3273,#3274,#3275,#3276,#3277,#3278,#3279,#3280,
#3281,#3282,#3283,#3284,#3285,#3286,#3287,#3288,#3289,#3290,#3291,#3292,
#3293,#3294));
#3443=CLOSED_SHELL('',(#3295,#3296,#3297,#3298,#3299,#3300,#3301,#3302,
#3303,#3304,#3305,#3306,#3307,#3308,#3309,#3310,#3311,#3312,#3313,#3314,
#3315,#3316,#3317,#3318,#3319,#3320,#3321,#3322,#3323,#3324,#3325,#3326,
#3327,#3328,#3329,#3330,#3331,#3332,#3333,#3334,#3335,#3336,#3337,#3338,
#3339,#3340,#3341,#3342,#3343,#3344,#3345,#3346,#3347,#3348));
#3444=CLOSED_SHELL('',(#3349,#3350,#3351,#3352,#3353,#3354,#3355,#3356,
#3357,#3358,#3359,#3360,#3361,#3362,#3363));
#3445=CLOSED_SHELL('',(#3364,#3365,#3366,#3367,#3368,#3369,#3370,#3371,
#3372,#3373,#3374,#3375,#3376,#3377,#3378,#3379,#3380,#3381,#3382,#3383,
#3384,#3385,#3386,#3387,#3388));
#3446=CLOSED_SHELL('',(#3389,#3390,#3391,#3392,#3393,#3394,#3395,#3396,
#3397,#3398,#3399,#3400,#3401,#3402,#3403,#3404,#3405,#3406,#3407,#3408,
#3409,#3410,#3411,#3412,#3413,#3414));
#3447=CLOSED_SHELL('',(#3415,#3416,#3417));
#3448=CLOSED_SHELL('',(#3418,#3419,#3420,#3421,#3422,#3423));
#3449=CLOSED_SHELL('',(#3424,#3425,#3426,#3427,#3428,#3429,#3430,#3431,
#3432,#3433,#3434,#3435,#3436,#3437,#3438,#3439,#3440));
#3450=DERIVED_UNIT_ELEMENT(#3466,1.);
#3451=DERIVED_UNIT_ELEMENT(#5786,-3.);
#3452=DERIVED_UNIT_ELEMENT(#3466,1.);
#3453=DERIVED_UNIT_ELEMENT(#5786,-3.);
#3454=DERIVED_UNIT_ELEMENT(#3466,1.);
#3455=DERIVED_UNIT_ELEMENT(#5786,-3.);
#3456=DERIVED_UNIT_ELEMENT(#3466,1.);
#3457=DERIVED_UNIT_ELEMENT(#5786,-3.);
#3458=DERIVED_UNIT_ELEMENT(#3466,1.);
#3459=DERIVED_UNIT_ELEMENT(#5786,-3.);
#3460=DERIVED_UNIT_ELEMENT(#3466,1.);
#3461=DERIVED_UNIT_ELEMENT(#5786,-3.);
#3462=DERIVED_UNIT_ELEMENT(#3466,1.);
#3463=DERIVED_UNIT_ELEMENT(#5786,-3.);
#3464=DERIVED_UNIT_ELEMENT(#3466,1.);
#3465=DERIVED_UNIT_ELEMENT(#5786,-3.);
#3466=(
MASS_UNIT()
NAMED_UNIT(*)
SI_UNIT(.KILO.,.GRAM.)
);
#3467=DERIVED_UNIT((#3450,#3451));
#3468=DERIVED_UNIT((#3452,#3453));
#3469=DERIVED_UNIT((#3454,#3455));
#3470=DERIVED_UNIT((#3456,#3457));
#3471=DERIVED_UNIT((#3458,#3459));
#3472=DERIVED_UNIT((#3460,#3461));
#3473=DERIVED_UNIT((#3462,#3463));
#3474=DERIVED_UNIT((#3464,#3465));
#3475=MEASURE_REPRESENTATION_ITEM('density measure',
POSITIVE_RATIO_MEASURE(7850.),#3467);
#3476=MEASURE_REPRESENTATION_ITEM('density measure',
POSITIVE_RATIO_MEASURE(7850.),#3468);
#3477=MEASURE_REPRESENTATION_ITEM('density measure',
POSITIVE_RATIO_MEASURE(7850.),#3469);
#3478=MEASURE_REPRESENTATION_ITEM('density measure',
POSITIVE_RATIO_MEASURE(7850.),#3470);
#3479=MEASURE_REPRESENTATION_ITEM('density measure',
POSITIVE_RATIO_MEASURE(7850.),#3471);
#3480=MEASURE_REPRESENTATION_ITEM('density measure',
POSITIVE_RATIO_MEASURE(7850.),#3472);
#3481=MEASURE_REPRESENTATION_ITEM('density measure',
POSITIVE_RATIO_MEASURE(7850.),#3473);
#3482=MEASURE_REPRESENTATION_ITEM('density measure',
POSITIVE_RATIO_MEASURE(7850.),#3474);
#3483=PROPERTY_DEFINITION_REPRESENTATION(#3523,#3499);
#3484=PROPERTY_DEFINITION_REPRESENTATION(#3524,#3500);
#3485=PROPERTY_DEFINITION_REPRESENTATION(#3525,#3501);
#3486=PROPERTY_DEFINITION_REPRESENTATION(#3526,#3502);
#3487=PROPERTY_DEFINITION_REPRESENTATION(#3527,#3503);
#3488=PROPERTY_DEFINITION_REPRESENTATION(#3528,#3504);
#3489=PROPERTY_DEFINITION_REPRESENTATION(#3529,#3505);
#3490=PROPERTY_DEFINITION_REPRESENTATION(#3530,#3506);
#3491=PROPERTY_DEFINITION_REPRESENTATION(#3531,#3507);
#3492=PROPERTY_DEFINITION_REPRESENTATION(#3532,#3508);
#3493=PROPERTY_DEFINITION_REPRESENTATION(#3533,#3509);
#3494=PROPERTY_DEFINITION_REPRESENTATION(#3534,#3510);
#3495=PROPERTY_DEFINITION_REPRESENTATION(#3535,#3511);
#3496=PROPERTY_DEFINITION_REPRESENTATION(#3536,#3512);
#3497=PROPERTY_DEFINITION_REPRESENTATION(#3537,#3513);
#3498=PROPERTY_DEFINITION_REPRESENTATION(#3538,#3514);
#3499=REPRESENTATION('material name',(#3515),#5774);
#3500=REPRESENTATION('density',(#3475),#5774);
#3501=REPRESENTATION('material name',(#3516),#5775);
#3502=REPRESENTATION('density',(#3476),#5775);
#3503=REPRESENTATION('material name',(#3517),#5776);
#3504=REPRESENTATION('density',(#3477),#5776);
#3505=REPRESENTATION('material name',(#3518),#5777);
#3506=REPRESENTATION('density',(#3478),#5777);
#3507=REPRESENTATION('material name',(#3519),#5778);
#3508=REPRESENTATION('density',(#3479),#5778);
#3509=REPRESENTATION('material name',(#3520),#5779);
#3510=REPRESENTATION('density',(#3480),#5779);
#3511=REPRESENTATION('material name',(#3521),#5780);
#3512=REPRESENTATION('density',(#3481),#5780);
#3513=REPRESENTATION('material name',(#3522),#5781);
#3514=REPRESENTATION('density',(#3482),#5781);
#3515=DESCRIPTIVE_REPRESENTATION_ITEM('Steel','Steel');
#3516=DESCRIPTIVE_REPRESENTATION_ITEM('Steel','Steel');
#3517=DESCRIPTIVE_REPRESENTATION_ITEM('Steel','Steel');
#3518=DESCRIPTIVE_REPRESENTATION_ITEM('Steel','Steel');
#3519=DESCRIPTIVE_REPRESENTATION_ITEM('Steel','Steel');
#3520=DESCRIPTIVE_REPRESENTATION_ITEM('Steel','Steel');
#3521=DESCRIPTIVE_REPRESENTATION_ITEM('Steel','Steel');
#3522=DESCRIPTIVE_REPRESENTATION_ITEM('Steel','Steel');
#3523=PROPERTY_DEFINITION('material property','material name',#5838);
#3524=PROPERTY_DEFINITION('material property','density of part',#5838);
#3525=PROPERTY_DEFINITION('material property','material name',#5839);
#3526=PROPERTY_DEFINITION('material property','density of part',#5839);
#3527=PROPERTY_DEFINITION('material property','material name',#5840);
#3528=PROPERTY_DEFINITION('material property','density of part',#5840);
#3529=PROPERTY_DEFINITION('material property','material name',#5841);
#3530=PROPERTY_DEFINITION('material property','density of part',#5841);
#3531=PROPERTY_DEFINITION('material property','material name',#5842);
#3532=PROPERTY_DEFINITION('material property','density of part',#5842);
#3533=PROPERTY_DEFINITION('material property','material name',#5843);
#3534=PROPERTY_DEFINITION('material property','density of part',#5843);
#3535=PROPERTY_DEFINITION('material property','material name',#5844);
#3536=PROPERTY_DEFINITION('material property','density of part',#5844);
#3537=PROPERTY_DEFINITION('material property','material name',#5845);
#3538=PROPERTY_DEFINITION('material property','density of part',#5845);
#3539=AXIS2_PLACEMENT_3D('',#4793,#3835,#3836);
#3540=AXIS2_PLACEMENT_3D('',#4794,#3837,#3838);
#3541=AXIS2_PLACEMENT_3D('',#4795,#3839,#3840);
#3542=AXIS2_PLACEMENT_3D('',#4796,#3841,#3842);
#3543=AXIS2_PLACEMENT_3D('',#4797,#3843,#3844);
#3544=AXIS2_PLACEMENT_3D('',#4799,#3845,#3846);
#3545=AXIS2_PLACEMENT_3D('',#4801,#3847,#3848);
#3546=AXIS2_PLACEMENT_3D('',#4802,#3849,#3850);
#3547=AXIS2_PLACEMENT_3D('',#4804,#3851,#3852);
#3548=AXIS2_PLACEMENT_3D('',#4806,#3854,#3855);
#3549=AXIS2_PLACEMENT_3D('',#4809,#3857,#3858);
#3550=AXIS2_PLACEMENT_3D('',#4810,#3859,#3860);
#3551=AXIS2_PLACEMENT_3D('',#4812,#3861,#3862);
#3552=AXIS2_PLACEMENT_3D('',#4814,#3863,#3864);
#3553=AXIS2_PLACEMENT_3D('',#4815,#3865,#3866);
#3554=AXIS2_PLACEMENT_3D('',#4817,#3867,#3868);
#3555=AXIS2_PLACEMENT_3D('',#4819,#3870,#3871);
#3556=AXIS2_PLACEMENT_3D('',#4822,#3873,#3874);
#3557=AXIS2_PLACEMENT_3D('',#4823,#3875,#3876);
#3558=AXIS2_PLACEMENT_3D('',#4833,#3881,#3882);
#3559=AXIS2_PLACEMENT_3D('',#4834,#3883,#3884);
#3560=AXIS2_PLACEMENT_3D('',#4840,#3888,#3889);
#3561=AXIS2_PLACEMENT_3D('',#4844,#3891,#3892);
#3562=AXIS2_PLACEMENT_3D('',#4848,#3895,#3896);
#3563=AXIS2_PLACEMENT_3D('',#4854,#3900,#3901);
#3564=AXIS2_PLACEMENT_3D('',#4858,#3904,#3905);
#3565=AXIS2_PLACEMENT_3D('',#4862,#3908,#3909);
#3566=AXIS2_PLACEMENT_3D('',#4865,#3911,#3912);
#3567=AXIS2_PLACEMENT_3D('',#4866,#3913,#3914);
#3568=AXIS2_PLACEMENT_3D('',#4870,#3917,#3918);
#3569=AXIS2_PLACEMENT_3D('',#4872,#3920,#3921);
#3570=AXIS2_PLACEMENT_3D('',#4873,#3922,#3923);
#3571=AXIS2_PLACEMENT_3D('',#4874,#3924,#3925);
#3572=AXIS2_PLACEMENT_3D('',#4883,#3930,#3931);
#3573=AXIS2_PLACEMENT_3D('',#4889,#3935,#3936);
#3574=AXIS2_PLACEMENT_3D('',#4895,#3940,#3941);
#3575=AXIS2_PLACEMENT_3D('',#4897,#3943,#3944);
#3576=AXIS2_PLACEMENT_3D('',#4899,#3945,#3946);
#3577=AXIS2_PLACEMENT_3D('',#4902,#3948,#3949);
#3578=AXIS2_PLACEMENT_3D('',#4903,#3950,#3951);
#3579=AXIS2_PLACEMENT_3D('',#4912,#3956,#3957);
#3580=AXIS2_PLACEMENT_3D('',#4918,#3961,#3962);
#3581=AXIS2_PLACEMENT_3D('',#4924,#3966,#3967);
#3582=AXIS2_PLACEMENT_3D('',#4930,#3971,#3972);
#3583=AXIS2_PLACEMENT_3D('',#4936,#3976,#3977);
#3584=AXIS2_PLACEMENT_3D('',#4939,#3980,#3981);
#3585=AXIS2_PLACEMENT_3D('',#4940,#3982,#3983);
#3586=AXIS2_PLACEMENT_3D('',#4943,#3984,#3985);
#3587=AXIS2_PLACEMENT_3D('',#4951,#3990,#3991);
#3588=AXIS2_PLACEMENT_3D('',#4954,#3992,#3993);
#3589=AXIS2_PLACEMENT_3D('',#4962,#3998,#3999);
#3590=AXIS2_PLACEMENT_3D('',#4965,#4002,#4003);
#3591=AXIS2_PLACEMENT_3D('',#4971,#4007,#4008);
#3592=AXIS2_PLACEMENT_3D('',#4978,#4013,#4014);
#3593=AXIS2_PLACEMENT_3D('',#4982,#4017,#4018);
#3594=AXIS2_PLACEMENT_3D('',#4986,#4021,#4022);
#3595=AXIS2_PLACEMENT_3D('',#4987,#4023,#4024);
#3596=AXIS2_PLACEMENT_3D('',#4988,#4025,#4026);
#3597=AXIS2_PLACEMENT_3D('',#4990,#4028,#4029);
#3598=AXIS2_PLACEMENT_3D('',#4991,#4030,#4031);
#3599=AXIS2_PLACEMENT_3D('',#4992,#4032,#4033);
#3600=AXIS2_PLACEMENT_3D('',#4993,#4034,#4035);
#3601=AXIS2_PLACEMENT_3D('',#4995,#4036,#4037);
#3602=AXIS2_PLACEMENT_3D('',#4997,#4038,#4039);
#3603=AXIS2_PLACEMENT_3D('',#4998,#4040,#4041);
#3604=AXIS2_PLACEMENT_3D('',#5000,#4042,#4043);
#3605=AXIS2_PLACEMENT_3D('',#5002,#4045,#4046);
#3606=AXIS2_PLACEMENT_3D('',#5005,#4048,#4049);
#3607=AXIS2_PLACEMENT_3D('',#5006,#4050,#4051);
#3608=AXIS2_PLACEMENT_3D('',#5008,#4052,#4053);
#3609=AXIS2_PLACEMENT_3D('',#5011,#4055,#4056);
#3610=AXIS2_PLACEMENT_3D('',#5012,#4057,#4058);
#3611=AXIS2_PLACEMENT_3D('',#5014,#4059,#4060);
#3612=AXIS2_PLACEMENT_3D('',#5017,#4062,#4063);
#3613=AXIS2_PLACEMENT_3D('',#5018,#4064,#4065);
#3614=AXIS2_PLACEMENT_3D('',#5020,#4066,#4067);
#3615=AXIS2_PLACEMENT_3D('',#5023,#4069,#4070);
#3616=AXIS2_PLACEMENT_3D('',#5024,#4071,#4072);
#3617=AXIS2_PLACEMENT_3D('',#5026,#4073,#4074);
#3618=AXIS2_PLACEMENT_3D('',#5029,#4076,#4077);
#3619=AXIS2_PLACEMENT_3D('',#5030,#4078,#4079);
#3620=AXIS2_PLACEMENT_3D('',#5039,#4084,#4085);
#3621=AXIS2_PLACEMENT_3D('',#5045,#4089,#4090);
#3622=AXIS2_PLACEMENT_3D('',#5051,#4094,#4095);
#3623=AXIS2_PLACEMENT_3D('',#5057,#4099,#4100);
#3624=AXIS2_PLACEMENT_3D('',#5063,#4104,#4105);
#3625=AXIS2_PLACEMENT_3D('',#5066,#4108,#4109);
#3626=AXIS2_PLACEMENT_3D('',#5068,#4110,#4111);
#3627=AXIS2_PLACEMENT_3D('',#5069,#4112,#4113);
#3628=AXIS2_PLACEMENT_3D('',#5078,#4118,#4119);
#3629=AXIS2_PLACEMENT_3D('',#5084,#4123,#4124);
#3630=AXIS2_PLACEMENT_3D('',#5090,#4128,#4129);
#3631=AXIS2_PLACEMENT_3D('',#5096,#4133,#4134);
#3632=AXIS2_PLACEMENT_3D('',#5102,#4138,#4139);
#3633=AXIS2_PLACEMENT_3D('',#5105,#4142,#4143);
#3634=AXIS2_PLACEMENT_3D('',#5107,#4144,#4145);
#3635=AXIS2_PLACEMENT_3D('',#5108,#4146,#4147);
#3636=AXIS2_PLACEMENT_3D('',#5117,#4152,#4153);
#3637=AXIS2_PLACEMENT_3D('',#5123,#4157,#4158);
#3638=AXIS2_PLACEMENT_3D('',#5129,#4162,#4163);
#3639=AXIS2_PLACEMENT_3D('',#5135,#4167,#4168);
#3640=AXIS2_PLACEMENT_3D('',#5141,#4172,#4173);
#3641=AXIS2_PLACEMENT_3D('',#5144,#4176,#4177);
#3642=AXIS2_PLACEMENT_3D('',#5146,#4178,#4179);
#3643=AXIS2_PLACEMENT_3D('',#5147,#4180,#4181);
#3644=AXIS2_PLACEMENT_3D('',#5156,#4186,#4187);
#3645=AXIS2_PLACEMENT_3D('',#5162,#4191,#4192);
#3646=AXIS2_PLACEMENT_3D('',#5168,#4196,#4197);
#3647=AXIS2_PLACEMENT_3D('',#5174,#4201,#4202);
#3648=AXIS2_PLACEMENT_3D('',#5180,#4206,#4207);
#3649=AXIS2_PLACEMENT_3D('',#5183,#4210,#4211);
#3650=AXIS2_PLACEMENT_3D('',#5185,#4212,#4213);
#3651=AXIS2_PLACEMENT_3D('',#5186,#4214,#4215);
#3652=AXIS2_PLACEMENT_3D('',#5188,#4216,#4217);
#3653=AXIS2_PLACEMENT_3D('',#5190,#4219,#4220);
#3654=AXIS2_PLACEMENT_3D('',#5192,#4221,#4222);
#3655=AXIS2_PLACEMENT_3D('',#5194,#4224,#4225);
#3656=AXIS2_PLACEMENT_3D('',#5196,#4226,#4227);
#3657=AXIS2_PLACEMENT_3D('',#5198,#4229,#4230);
#3658=AXIS2_PLACEMENT_3D('',#5200,#4231,#4232);
#3659=AXIS2_PLACEMENT_3D('',#5202,#4234,#4235);
#3660=AXIS2_PLACEMENT_3D('',#5211,#4240,#4241);
#3661=AXIS2_PLACEMENT_3D('',#5217,#4245,#4246);
#3662=AXIS2_PLACEMENT_3D('',#5223,#4250,#4251);
#3663=AXIS2_PLACEMENT_3D('',#5226,#4254,#4255);
#3664=AXIS2_PLACEMENT_3D('',#5227,#4256,#4257);
#3665=AXIS2_PLACEMENT_3D('',#5236,#4262,#4263);
#3666=AXIS2_PLACEMENT_3D('',#5242,#4267,#4268);
#3667=AXIS2_PLACEMENT_3D('',#5248,#4272,#4273);
#3668=AXIS2_PLACEMENT_3D('',#5250,#4275,#4276);
#3669=AXIS2_PLACEMENT_3D('',#5260,#4282,#4283);
#3670=AXIS2_PLACEMENT_3D('',#5266,#4287,#4288);
#3671=AXIS2_PLACEMENT_3D('',#5272,#4292,#4293);
#3672=AXIS2_PLACEMENT_3D('',#5275,#4296,#4297);
#3673=AXIS2_PLACEMENT_3D('',#5276,#4298,#4299);
#3674=AXIS2_PLACEMENT_3D('',#5277,#4300,#4301);
#3675=AXIS2_PLACEMENT_3D('',#5278,#4302,#4303);
#3676=AXIS2_PLACEMENT_3D('',#5279,#4304,#4305);
#3677=AXIS2_PLACEMENT_3D('',#5280,#4306,#4307);
#3678=AXIS2_PLACEMENT_3D('',#5289,#4312,#4313);
#3679=AXIS2_PLACEMENT_3D('',#5295,#4317,#4318);
#3680=AXIS2_PLACEMENT_3D('',#5301,#4322,#4323);
#3681=AXIS2_PLACEMENT_3D('',#5304,#4326,#4327);
#3682=AXIS2_PLACEMENT_3D('',#5305,#4328,#4329);
#3683=AXIS2_PLACEMENT_3D('',#5308,#4330,#4331);
#3684=AXIS2_PLACEMENT_3D('',#5316,#4336,#4337);
#3685=AXIS2_PLACEMENT_3D('',#5319,#4338,#4339);
#3686=AXIS2_PLACEMENT_3D('',#5327,#4344,#4345);
#3687=AXIS2_PLACEMENT_3D('',#5330,#4348,#4349);
#3688=AXIS2_PLACEMENT_3D('',#5336,#4353,#4354);
#3689=AXIS2_PLACEMENT_3D('',#5342,#4358,#4359);
#3690=AXIS2_PLACEMENT_3D('',#5346,#4362,#4363);
#3691=AXIS2_PLACEMENT_3D('',#5350,#4366,#4367);
#3692=AXIS2_PLACEMENT_3D('',#5351,#4368,#4369);
#3693=AXIS2_PLACEMENT_3D('',#5352,#4370,#4371);
#3694=AXIS2_PLACEMENT_3D('',#5354,#4373,#4374);
#3695=AXIS2_PLACEMENT_3D('',#5355,#4375,#4376);
#3696=AXIS2_PLACEMENT_3D('',#5356,#4377,#4378);
#3697=AXIS2_PLACEMENT_3D('',#5358,#4379,#4380);
#3698=AXIS2_PLACEMENT_3D('',#5360,#4381,#4382);
#3699=AXIS2_PLACEMENT_3D('',#5361,#4383,#4384);
#3700=AXIS2_PLACEMENT_3D('',#5363,#4385,#4386);
#3701=AXIS2_PLACEMENT_3D('',#5365,#4388,#4389);
#3702=AXIS2_PLACEMENT_3D('',#5368,#4391,#4392);
#3703=AXIS2_PLACEMENT_3D('',#5369,#4393,#4394);
#3704=AXIS2_PLACEMENT_3D('',#5372,#4395,#4396);
#3705=AXIS2_PLACEMENT_3D('',#5376,#4398,#4399);
#3706=AXIS2_PLACEMENT_3D('',#5378,#4400,#4401);
#3707=AXIS2_PLACEMENT_3D('',#5382,#4403,#4404);
#3708=AXIS2_PLACEMENT_3D('',#5386,#4406,#4407);
#3709=AXIS2_PLACEMENT_3D('',#5389,#4409,#4410);
#3710=AXIS2_PLACEMENT_3D('',#5390,#4411,#4412);
#3711=AXIS2_PLACEMENT_3D('',#5394,#4415,#4416);
#3712=AXIS2_PLACEMENT_3D('',#5402,#4420,#4421);
#3713=AXIS2_PLACEMENT_3D('',#5410,#4426,#4427);
#3714=AXIS2_PLACEMENT_3D('',#5412,#4428,#4429);
#3715=AXIS2_PLACEMENT_3D('',#5416,#4431,#4432);
#3716=AXIS2_PLACEMENT_3D('',#5418,#4433,#4434);
#3717=AXIS2_PLACEMENT_3D('',#5422,#4436,#4437);
#3718=AXIS2_PLACEMENT_3D('',#5426,#4439,#4440);
#3719=AXIS2_PLACEMENT_3D('',#5428,#4442,#4443);
#3720=AXIS2_PLACEMENT_3D('',#5432,#4446,#4447);
#3721=AXIS2_PLACEMENT_3D('',#5445,#4455,#4456);
#3722=AXIS2_PLACEMENT_3D('',#5449,#4459,#4460);
#3723=AXIS2_PLACEMENT_3D('',#5458,#4466,#4467);
#3724=AXIS2_PLACEMENT_3D('',#5463,#4471,#4472);
#3725=AXIS2_PLACEMENT_3D('',#5467,#4475,#4476);
#3726=AXIS2_PLACEMENT_3D('',#5471,#4479,#4480);
#3727=AXIS2_PLACEMENT_3D('',#5473,#4482,#4483);
#3728=AXIS2_PLACEMENT_3D('',#5475,#4485,#4486);
#3729=AXIS2_PLACEMENT_3D('',#5477,#4488,#4489);
#3730=AXIS2_PLACEMENT_3D('',#5478,#4490,#4491);
#3731=AXIS2_PLACEMENT_3D('',#5482,#4494,#4495);
#3732=AXIS2_PLACEMENT_3D('',#5484,#4497,#4498);
#3733=AXIS2_PLACEMENT_3D('',#5486,#4500,#4501);
#3734=AXIS2_PLACEMENT_3D('',#5487,#4502,#4503);
#3735=AXIS2_PLACEMENT_3D('',#5489,#4505,#4506);
#3736=AXIS2_PLACEMENT_3D('',#5490,#4507,#4508);
#3737=AXIS2_PLACEMENT_3D('',#5491,#4509,#4510);
#3738=AXIS2_PLACEMENT_3D('',#5492,#4511,#4512);
#3739=AXIS2_PLACEMENT_3D('',#5501,#4517,#4518);
#3740=AXIS2_PLACEMENT_3D('',#5507,#4522,#4523);
#3741=AXIS2_PLACEMENT_3D('',#5513,#4527,#4528);
#3742=AXIS2_PLACEMENT_3D('',#5519,#4532,#4533);
#3743=AXIS2_PLACEMENT_3D('',#5525,#4537,#4538);
#3744=AXIS2_PLACEMENT_3D('',#5528,#4541,#4542);
#3745=AXIS2_PLACEMENT_3D('',#5530,#4543,#4544);
#3746=AXIS2_PLACEMENT_3D('',#5531,#4545,#4546);
#3747=AXIS2_PLACEMENT_3D('',#5533,#4547,#4548);
#3748=AXIS2_PLACEMENT_3D('',#5535,#4550,#4551);
#3749=AXIS2_PLACEMENT_3D('',#5544,#4556,#4557);
#3750=AXIS2_PLACEMENT_3D('',#5558,#4565,#4566);
#3751=AXIS2_PLACEMENT_3D('',#5570,#4573,#4574);
#3752=AXIS2_PLACEMENT_3D('',#5574,#4577,#4578);
#3753=AXIS2_PLACEMENT_3D('',#5586,#4585,#4586);
#3754=AXIS2_PLACEMENT_3D('',#5590,#4589,#4590);
#3755=AXIS2_PLACEMENT_3D('',#5594,#4593,#4594);
#3756=AXIS2_PLACEMENT_3D('',#5600,#4598,#4599);
#3757=AXIS2_PLACEMENT_3D('',#5608,#4604,#4605);
#3758=AXIS2_PLACEMENT_3D('',#5614,#4609,#4610);
#3759=AXIS2_PLACEMENT_3D('',#5621,#4615,#4616);
#3760=AXIS2_PLACEMENT_3D('',#5625,#4620,#4621);
#3761=AXIS2_PLACEMENT_3D('',#5627,#4623,#4624);
#3762=AXIS2_PLACEMENT_3D('',#5629,#4626,#4627);
#3763=AXIS2_PLACEMENT_3D('',#5630,#4628,#4629);
#3764=AXIS2_PLACEMENT_3D('',#5631,#4630,#4631);
#3765=AXIS2_PLACEMENT_3D('',#5632,#4632,#4633);
#3766=AXIS2_PLACEMENT_3D('',#5633,#4634,#4635);
#3767=AXIS2_PLACEMENT_3D('',#5634,#4636,#4637);
#3768=AXIS2_PLACEMENT_3D('',#5636,#4638,#4639);
#3769=AXIS2_PLACEMENT_3D('',#5639,#4641,#4642);
#3770=AXIS2_PLACEMENT_3D('',#5640,#4643,#4644);
#3771=AXIS2_PLACEMENT_3D('',#5641,#4645,#4646);
#3772=AXIS2_PLACEMENT_3D('',#5642,#4647,#4648);
#3773=AXIS2_PLACEMENT_3D('',#5643,#4649,#4650);
#3774=AXIS2_PLACEMENT_3D('',#5645,#4651,#4652);
#3775=AXIS2_PLACEMENT_3D('',#5647,#4653,#4654);
#3776=AXIS2_PLACEMENT_3D('',#5649,#4655,#4656);
#3777=AXIS2_PLACEMENT_3D('',#5650,#4657,#4658);
#3778=AXIS2_PLACEMENT_3D('',#5651,#4659,#4660);
#3779=AXIS2_PLACEMENT_3D('',#5654,#4662,#4663);
#3780=AXIS2_PLACEMENT_3D('',#5655,#4664,#4665);
#3781=AXIS2_PLACEMENT_3D('',#5656,#4666,#4667);
#3782=AXIS2_PLACEMENT_3D('',#5658,#4668,#4669);
#3783=AXIS2_PLACEMENT_3D('',#5659,#4670,#4671);
#3784=AXIS2_PLACEMENT_3D('',#5662,#4673,#4674);
#3785=AXIS2_PLACEMENT_3D('',#5663,#4675,#4676);
#3786=AXIS2_PLACEMENT_3D('',#5664,#4677,#4678);
#3787=AXIS2_PLACEMENT_3D('',#5665,#4679,#4680);
#3788=AXIS2_PLACEMENT_3D('',#5667,#4681,#4682);
#3789=AXIS2_PLACEMENT_3D('',#5670,#4684,#4685);
#3790=AXIS2_PLACEMENT_3D('',#5671,#4686,#4687);
#3791=AXIS2_PLACEMENT_3D('',#5672,#4688,#4689);
#3792=AXIS2_PLACEMENT_3D('',#5674,#4690,#4691);
#3793=AXIS2_PLACEMENT_3D('',#5677,#4693,#4694);
#3794=AXIS2_PLACEMENT_3D('',#5678,#4695,#4696);
#3795=AXIS2_PLACEMENT_3D('',#5680,#4697,#4698);
#3796=AXIS2_PLACEMENT_3D('',#5683,#4700,#4701);
#3797=AXIS2_PLACEMENT_3D('',#5684,#4702,#4703);
#3798=AXIS2_PLACEMENT_3D('',#5686,#4704,#4705);
#3799=AXIS2_PLACEMENT_3D('',#5689,#4707,#4708);
#3800=AXIS2_PLACEMENT_3D('',#5690,#4709,#4710);
#3801=AXIS2_PLACEMENT_3D('',#5692,#4711,#4712);
#3802=AXIS2_PLACEMENT_3D('',#5695,#4714,#4715);
#3803=AXIS2_PLACEMENT_3D('',#5696,#4716,#4717);
#3804=AXIS2_PLACEMENT_3D('',#5698,#4718,#4719);
#3805=AXIS2_PLACEMENT_3D('',#5701,#4721,#4722);
#3806=AXIS2_PLACEMENT_3D('',#5702,#4723,#4724);
#3807=AXIS2_PLACEMENT_3D('',#5704,#4725,#4726);
#3808=AXIS2_PLACEMENT_3D('',#5707,#4728,#4729);
#3809=AXIS2_PLACEMENT_3D('',#5708,#4730,#4731);
#3810=AXIS2_PLACEMENT_3D('',#5710,#4732,#4733);
#3811=AXIS2_PLACEMENT_3D('',#5713,#4735,#4736);
#3812=AXIS2_PLACEMENT_3D('',#5714,#4737,#4738);
#3813=AXIS2_PLACEMENT_3D('',#5716,#4739,#4740);
#3814=AXIS2_PLACEMENT_3D('',#5719,#4742,#4743);
#3815=AXIS2_PLACEMENT_3D('',#5720,#4744,#4745);
#3816=AXIS2_PLACEMENT_3D('',#5722,#4746,#4747);
#3817=AXIS2_PLACEMENT_3D('',#5725,#4749,#4750);
#3818=AXIS2_PLACEMENT_3D('',#5726,#4751,#4752);
#3819=AXIS2_PLACEMENT_3D('',#5729,#4753,#4754);
#3820=AXIS2_PLACEMENT_3D('',#5733,#4756,#4757);
#3821=AXIS2_PLACEMENT_3D('',#5735,#4759,#4760);
#3822=AXIS2_PLACEMENT_3D('',#5738,#4761,#4762);
#3823=AXIS2_PLACEMENT_3D('',#5741,#4765,#4766);
#3824=AXIS2_PLACEMENT_3D('',#5744,#4767,#4768);
#3825=AXIS2_PLACEMENT_3D('',#5747,#4771,#4772);
#3826=AXIS2_PLACEMENT_3D('',#5749,#4774,#4775);
#3827=AXIS2_PLACEMENT_3D('',#5751,#4777,#4778);
#3828=AXIS2_PLACEMENT_3D('',#5752,#4779,#4780);
#3829=AXIS2_PLACEMENT_3D('',#5753,#4781,#4782);
#3830=AXIS2_PLACEMENT_3D('',#5754,#4783,#4784);
#3831=AXIS2_PLACEMENT_3D('',#5755,#4785,#4786);
#3832=AXIS2_PLACEMENT_3D('',#5756,#4787,#4788);
#3833=AXIS2_PLACEMENT_3D('',#5757,#4789,#4790);
#3834=AXIS2_PLACEMENT_3D('',#5758,#4791,#4792);
#3835=DIRECTION('axis',(0.,0.,1.));
#3836=DIRECTION('refdir',(1.,0.,0.));
#3837=DIRECTION('axis',(0.,0.,1.));
#3838=DIRECTION('refdir',(1.,0.,0.));
#3839=DIRECTION('axis',(0.,0.,1.));
#3840=DIRECTION('refdir',(1.,0.,0.));
#3841=DIRECTION('axis',(0.,0.,1.));
#3842=DIRECTION('refdir',(1.,0.,0.));
#3843=DIRECTION('center_axis',(0.,0.,-1.));
#3844=DIRECTION('ref_axis',(1.,0.,0.));
#3845=DIRECTION('center_axis',(0.,0.,-1.));
#3846=DIRECTION('ref_axis',(1.,0.,0.));
#3847=DIRECTION('center_axis',(0.,0.,-1.));
#3848=DIRECTION('ref_axis',(1.,0.,0.));
#3849=DIRECTION('center_axis',(0.,0.,-1.));
#3850=DIRECTION('ref_axis',(1.,0.,0.));
#3851=DIRECTION('center_axis',(0.,0.,-1.));
#3852=DIRECTION('ref_axis',(1.,0.,0.));
#3853=DIRECTION('',(0.,0.,-1.));
#3854=DIRECTION('center_axis',(0.,0.,-1.));
#3855=DIRECTION('ref_axis',(1.,0.,0.));
#3856=DIRECTION('',(0.,0.,-1.));
#3857=DIRECTION('center_axis',(0.,0.,1.));
#3858=DIRECTION('ref_axis',(1.,0.,0.));
#3859=DIRECTION('center_axis',(0.,0.,-1.));
#3860=DIRECTION('ref_axis',(1.,0.,0.));
#3861=DIRECTION('center_axis',(0.,0.,-1.));
#3862=DIRECTION('ref_axis',(1.,0.,0.));
#3863=DIRECTION('center_axis',(0.,0.,-1.));
#3864=DIRECTION('ref_axis',(1.,0.,0.));
#3865=DIRECTION('center_axis',(0.,0.,-1.));
#3866=DIRECTION('ref_axis',(1.,0.,0.));
#3867=DIRECTION('center_axis',(0.,0.,-1.));
#3868=DIRECTION('ref_axis',(1.,0.,0.));
#3869=DIRECTION('',(0.,0.,-1.));
#3870=DIRECTION('center_axis',(0.,0.,-1.));
#3871=DIRECTION('ref_axis',(1.,0.,0.));
#3872=DIRECTION('',(0.,0.,-1.));
#3873=DIRECTION('center_axis',(0.,0.,1.));
#3874=DIRECTION('ref_axis',(1.,0.,0.));
#3875=DIRECTION('center_axis',(0.,1.,0.));
#3876=DIRECTION('ref_axis',(0.,0.,1.));
#3877=DIRECTION('',(0.,0.,-1.));
#3878=DIRECTION('',(1.,0.,0.));
#3879=DIRECTION('',(0.,0.,1.));
#3880=DIRECTION('',(1.,0.,0.));
#3881=DIRECTION('center_axis',(0.,-1.,0.));
#3882=DIRECTION('ref_axis',(-0.487451441818354,0.,0.873150096987458));
#3883=DIRECTION('center_axis',(0.,0.,1.));
#3884=DIRECTION('ref_axis',(0.,-1.,0.));
#3885=DIRECTION('',(0.,1.,0.));
#3886=DIRECTION('',(-2.28364087893994E-33,-1.,0.));
#3887=DIRECTION('',(1.,0.,0.));
#3888=DIRECTION('center_axis',(0.,1.,0.));
#3889=DIRECTION('ref_axis',(0.,0.,1.));
#3890=DIRECTION('',(0.,0.,-1.));
#3891=DIRECTION('center_axis',(0.,-1.,0.));
#3892=DIRECTION('ref_axis',(-0.487451441818354,0.,0.873150096987458));
#3893=DIRECTION('',(0.,0.,1.));
#3894=DIRECTION('',(-1.,0.,0.));
#3895=DIRECTION('center_axis',(-1.,2.28364087893994E-33,0.));
#3896=DIRECTION('ref_axis',(-2.28364087893994E-33,-1.,0.));
#3897=DIRECTION('',(-2.28364087893994E-33,-1.,0.));
#3898=DIRECTION('',(0.,0.,1.));
#3899=DIRECTION('',(-2.28364087893994E-33,-1.,0.));
#3900=DIRECTION('center_axis',(0.,0.,1.));
#3901=DIRECTION('ref_axis',(1.,0.,0.));
#3902=DIRECTION('',(0.,1.,0.));
#3903=DIRECTION('',(-1.,0.,0.));
#3904=DIRECTION('center_axis',(-1.,0.,0.));
#3905=DIRECTION('ref_axis',(0.,0.,1.));
#3906=DIRECTION('',(0.,1.,0.));
#3907=DIRECTION('',(0.,0.,-1.));
#3908=DIRECTION('center_axis',(0.,1.,0.));
#3909=DIRECTION('ref_axis',(-0.487451441818354,0.,0.873150096987458));
#3910=DIRECTION('',(0.,1.,0.));
#3911=DIRECTION('center_axis',(0.,-1.,0.));
#3912=DIRECTION('ref_axis',(-0.487451441818354,0.,0.873150096987458));
#3913=DIRECTION('center_axis',(-1.,0.,0.));
#3914=DIRECTION('ref_axis',(0.,0.,1.));
#3915=DIRECTION('',(0.,-1.,0.));
#3916=DIRECTION('',(0.,0.,-1.));
#3917=DIRECTION('center_axis',(0.,1.,0.));
#3918=DIRECTION('ref_axis',(-1.,0.,0.));
#3919=DIRECTION('',(-1.,0.,0.));
#3920=DIRECTION('center_axis',(0.,0.,1.));
#3921=DIRECTION('ref_axis',(1.,0.,0.));
#3922=DIRECTION('axis',(0.,0.,1.));
#3923=DIRECTION('refdir',(1.,0.,0.));
#3924=DIRECTION('center_axis',(0.,-1.,0.));
#3925=DIRECTION('ref_axis',(-1.,0.,0.));
#3926=DIRECTION('',(1.,0.,0.));
#3927=DIRECTION('',(0.,0.,-1.));
#3928=DIRECTION('',(-1.,0.,0.));
#3929=DIRECTION('',(0.,0.,-1.));
#3930=DIRECTION('center_axis',(1.,0.,0.));
#3931=DIRECTION('ref_axis',(0.,-1.,0.));
#3932=DIRECTION('',(0.,1.,0.));
#3933=DIRECTION('',(0.,-1.,0.));
#3934=DIRECTION('',(0.,0.,-1.));
#3935=DIRECTION('center_axis',(-1.,0.,0.));
#3936=DIRECTION('ref_axis',(0.,1.,0.));
#3937=DIRECTION('',(0.,-1.,0.));
#3938=DIRECTION('',(0.,0.,-1.));
#3939=DIRECTION('',(0.,1.,0.));
#3940=DIRECTION('center_axis',(0.,0.,-1.));
#3941=DIRECTION('ref_axis',(-1.,0.,0.));
#3942=DIRECTION('',(1.,0.,0.));
#3943=DIRECTION('center_axis',(0.,0.,-1.));
#3944=DIRECTION('ref_axis',(1.,0.,0.));
#3945=DIRECTION('center_axis',(0.,0.,-1.));
#3946=DIRECTION('ref_axis',(1.,0.,0.));
#3947=DIRECTION('',(0.,0.,-1.));
#3948=DIRECTION('center_axis',(0.,0.,1.));
#3949=DIRECTION('ref_axis',(1.,0.,0.));
#3950=DIRECTION('center_axis',(0.499999999999999,0.866025403784439,0.));
#3951=DIRECTION('ref_axis',(0.866025403784439,-0.499999999999999,0.));
#3952=DIRECTION('',(0.866025403784439,-0.499999999999999,0.));
#3953=DIRECTION('',(0.,0.,-1.));
#3954=DIRECTION('',(0.866025403784439,-0.499999999999999,0.));
#3955=DIRECTION('',(0.,0.,-1.));
#3956=DIRECTION('center_axis',(-0.499999999999999,0.866025403784439,0.));
#3957=DIRECTION('ref_axis',(0.866025403784439,0.499999999999999,0.));
#3958=DIRECTION('',(0.866025403784439,0.499999999999999,0.));
#3959=DIRECTION('',(0.,0.,-1.));
#3960=DIRECTION('',(0.866025403784439,0.499999999999999,0.));
#3961=DIRECTION('center_axis',(-1.,0.,0.));
#3962=DIRECTION('ref_axis',(0.,1.,0.));
#3963=DIRECTION('',(0.,1.,0.));
#3964=DIRECTION('',(0.,0.,-1.));
#3965=DIRECTION('',(0.,1.,0.));
#3966=DIRECTION('center_axis',(-0.5,-0.866025403784439,0.));
#3967=DIRECTION('ref_axis',(-0.866025403784439,0.5,0.));
#3968=DIRECTION('',(-0.866025403784439,0.5,0.));
#3969=DIRECTION('',(0.,0.,-1.));
#3970=DIRECTION('',(-0.866025403784439,0.5,0.));
#3971=DIRECTION('center_axis',(0.499999999999998,-0.86602540378444,0.));
#3972=DIRECTION('ref_axis',(-0.86602540378444,-0.499999999999998,0.));
#3973=DIRECTION('',(-0.86602540378444,-0.499999999999998,0.));
#3974=DIRECTION('',(0.,0.,-1.));
#3975=DIRECTION('',(-0.86602540378444,-0.499999999999998,0.));
#3976=DIRECTION('center_axis',(1.,0.,0.));
#3977=DIRECTION('ref_axis',(0.,-1.,0.));
#3978=DIRECTION('',(0.,-1.,0.));
#3979=DIRECTION('',(0.,-1.,0.));
#3980=DIRECTION('center_axis',(0.,0.,-1.));
#3981=DIRECTION('ref_axis',(-1.,0.,0.));
#3982=DIRECTION('center_axis',(-1.,0.,0.));
#3983=DIRECTION('ref_axis',(0.,0.,-1.));
#3984=DIRECTION('center_axis',(1.,0.,0.));
#3985=DIRECTION('ref_axis',(0.,1.,-1.58888482306275E-16));
#3986=DIRECTION('',(0.,-1.,0.));
#3987=DIRECTION('',(0.,0.,-1.));
#3988=DIRECTION('',(0.,1.,0.));
#3989=DIRECTION('',(0.,0.,1.));
#3990=DIRECTION('center_axis',(-1.,0.,0.));
#3991=DIRECTION('ref_axis',(0.,0.,-1.));
#3992=DIRECTION('center_axis',(1.,0.,0.));
#3993=DIRECTION('ref_axis',(0.,1.,-1.58888482306275E-16));
#3994=DIRECTION('',(0.,0.,1.));
#3995=DIRECTION('',(0.,-1.,0.));
#3996=DIRECTION('',(0.,0.,-1.));
#3997=DIRECTION('',(0.,-1.,0.));
#3998=DIRECTION('center_axis',(0.,0.,1.));
#3999=DIRECTION('ref_axis',(-1.,0.,0.));
#4000=DIRECTION('',(1.,0.,0.));
#4001=DIRECTION('',(-1.,0.,0.));
#4002=DIRECTION('center_axis',(0.,1.,0.));
#4003=DIRECTION('ref_axis',(0.,0.,-1.));
#4004=DIRECTION('',(1.,0.,0.));
#4005=DIRECTION('',(0.,0.,1.));
#4006=DIRECTION('',(-1.,0.,0.));
#4007=DIRECTION('center_axis',(0.,1.,0.));
#4008=DIRECTION('ref_axis',(-1.,0.,0.));
#4009=DIRECTION('',(-1.,0.,0.));
#4010=DIRECTION('',(-1.,0.,0.));
#4011=DIRECTION('',(0.,0.,1.));
#4012=DIRECTION('',(-1.,0.,0.));
#4013=DIRECTION('center_axis',(0.,0.,1.));
#4014=DIRECTION('ref_axis',(1.,0.,0.));
#4015=DIRECTION('',(-1.,0.,0.));
#4016=DIRECTION('',(1.14182043946997E-33,-1.,0.));
#4017=DIRECTION('center_axis',(0.,1.,0.));
#4018=DIRECTION('ref_axis',(0.,0.,-1.));
#4019=DIRECTION('',(-1.,0.,0.));
#4020=DIRECTION('',(0.,0.,1.));
#4021=DIRECTION('center_axis',(-1.,0.,0.));
#4022=DIRECTION('ref_axis',(0.,1.,-1.58888482306275E-16));
#4023=DIRECTION('center_axis',(1.,1.14182043946997E-33,0.));
#4024=DIRECTION('ref_axis',(0.,1.,-1.58888482306275E-16));
#4025=DIRECTION('center_axis',(-1.,-1.14182043946997E-33,0.));
#4026=DIRECTION('ref_axis',(1.14182043946997E-33,-1.,0.));
#4027=DIRECTION('',(1.14182043946997E-33,-1.,0.));
#4028=DIRECTION('center_axis',(0.,0.,1.));
#4029=DIRECTION('ref_axis',(1.,0.,0.));
#4030=DIRECTION('',(0.,0.,1.));
#4031=DIRECTION('',(-1.,-3.63598040564739E-15,0.));
#4032=DIRECTION('',(0.,0.,1.));
#4033=DIRECTION('',(3.81967742551949E-15,-1.,0.));
#4034=DIRECTION('center_axis',(0.,0.,1.));
#4035=DIRECTION('ref_axis',(-1.,0.,0.));
#4036=DIRECTION('center_axis',(0.,0.,1.));
#4037=DIRECTION('ref_axis',(-1.,0.,0.));
#4038=DIRECTION('center_axis',(0.,0.,1.));
#4039=DIRECTION('ref_axis',(-1.,0.,0.));
#4040=DIRECTION('center_axis',(0.,0.,1.));
#4041=DIRECTION('ref_axis',(-1.,0.,0.));
#4042=DIRECTION('center_axis',(0.,0.,1.));
#4043=DIRECTION('ref_axis',(-1.,0.,0.));
#4044=DIRECTION('',(0.,0.,1.));
#4045=DIRECTION('center_axis',(0.,0.,1.));
#4046=DIRECTION('ref_axis',(-1.,0.,0.));
#4047=DIRECTION('',(0.,0.,1.));
#4048=DIRECTION('center_axis',(0.,0.,-1.));
#4049=DIRECTION('ref_axis',(-1.,0.,0.));
#4050=DIRECTION('center_axis',(0.,0.,-1.));
#4051=DIRECTION('ref_axis',(1.,0.,0.));
#4052=DIRECTION('center_axis',(0.,0.,-1.));
#4053=DIRECTION('ref_axis',(1.,0.,0.));
#4054=DIRECTION('',(0.,0.,-1.));
#4055=DIRECTION('center_axis',(0.,0.,1.));
#4056=DIRECTION('ref_axis',(1.,0.,0.));
#4057=DIRECTION('center_axis',(0.,0.,-1.));
#4058=DIRECTION('ref_axis',(1.,0.,0.));
#4059=DIRECTION('center_axis',(0.,0.,-1.));
#4060=DIRECTION('ref_axis',(1.,0.,0.));
#4061=DIRECTION('',(0.,0.,-1.));
#4062=DIRECTION('center_axis',(0.,0.,1.));
#4063=DIRECTION('ref_axis',(1.,0.,0.));
#4064=DIRECTION('center_axis',(0.,0.,-1.));
#4065=DIRECTION('ref_axis',(1.,0.,0.));
#4066=DIRECTION('center_axis',(0.,0.,-1.));
#4067=DIRECTION('ref_axis',(1.,0.,0.));
#4068=DIRECTION('',(0.,0.,-1.));
#4069=DIRECTION('center_axis',(0.,0.,1.));
#4070=DIRECTION('ref_axis',(1.,0.,0.));
#4071=DIRECTION('center_axis',(0.,0.,-1.));
#4072=DIRECTION('ref_axis',(1.,0.,0.));
#4073=DIRECTION('center_axis',(0.,0.,-1.));
#4074=DIRECTION('ref_axis',(1.,0.,0.));
#4075=DIRECTION('',(0.,0.,-1.));
#4076=DIRECTION('center_axis',(0.,0.,1.));
#4077=DIRECTION('ref_axis',(1.,0.,0.));
#4078=DIRECTION('center_axis',(0.866025403784439,0.5,0.));
#4079=DIRECTION('ref_axis',(-0.5,0.866025403784439,0.));
#4080=DIRECTION('',(-0.5,0.866025403784439,0.));
#4081=DIRECTION('',(0.,0.,1.));
#4082=DIRECTION('',(-0.5,0.866025403784439,0.));
#4083=DIRECTION('',(0.,0.,1.));
#4084=DIRECTION('center_axis',(0.866025403784439,-0.5,0.));
#4085=DIRECTION('ref_axis',(0.5,0.866025403784439,0.));
#4086=DIRECTION('',(0.5,0.866025403784439,0.));
#4087=DIRECTION('',(0.,0.,1.));
#4088=DIRECTION('',(0.5,0.866025403784439,0.));
#4089=DIRECTION('center_axis',(0.,-1.,0.));
#4090=DIRECTION('ref_axis',(1.,0.,0.));
#4091=DIRECTION('',(1.,0.,0.));
#4092=DIRECTION('',(0.,0.,1.));
#4093=DIRECTION('',(1.,0.,0.));
#4094=DIRECTION('center_axis',(-0.866025403784438,-0.500000000000002,0.));
#4095=DIRECTION('ref_axis',(0.500000000000001,-0.866025403784438,0.));
#4096=DIRECTION('',(0.500000000000001,-0.866025403784438,0.));
#4097=DIRECTION('',(0.,0.,1.));
#4098=DIRECTION('',(0.500000000000001,-0.866025403784438,0.));
#4099=DIRECTION('center_axis',(-0.866025403784437,0.500000000000003,0.));
#4100=DIRECTION('ref_axis',(-0.500000000000003,-0.866025403784437,0.));
#4101=DIRECTION('',(-0.500000000000003,-0.866025403784437,0.));
#4102=DIRECTION('',(0.,0.,1.));
#4103=DIRECTION('',(-0.500000000000003,-0.866025403784437,0.));
#4104=DIRECTION('center_axis',(0.,1.,0.));
#4105=DIRECTION('ref_axis',(-1.,0.,0.));
#4106=DIRECTION('',(-1.,0.,0.));
#4107=DIRECTION('',(-1.,0.,0.));
#4108=DIRECTION('center_axis',(0.,0.,1.));
#4109=DIRECTION('ref_axis',(1.,0.,0.));
#4110=DIRECTION('center_axis',(0.,0.,-1.));
#4111=DIRECTION('ref_axis',(1.,0.,0.));
#4112=DIRECTION('center_axis',(0.866025403784436,-0.500000000000004,0.));
#4113=DIRECTION('ref_axis',(0.500000000000004,0.866025403784436,0.));
#4114=DIRECTION('',(0.500000000000004,0.866025403784436,0.));
#4115=DIRECTION('',(0.,0.,1.));
#4116=DIRECTION('',(0.500000000000004,0.866025403784436,0.));
#4117=DIRECTION('',(0.,0.,1.));
#4118=DIRECTION('center_axis',(-1.63691226761742E-15,-1.,0.));
#4119=DIRECTION('ref_axis',(1.,-1.63691226761742E-15,0.));
#4120=DIRECTION('',(1.,-1.63691226761742E-15,0.));
#4121=DIRECTION('',(0.,0.,1.));
#4122=DIRECTION('',(1.,-1.63691226761742E-15,0.));
#4123=DIRECTION('center_axis',(-0.86602540378444,-0.499999999999998,0.));
#4124=DIRECTION('ref_axis',(0.499999999999998,-0.86602540378444,0.));
#4125=DIRECTION('',(0.499999999999998,-0.86602540378444,0.));
#4126=DIRECTION('',(0.,0.,1.));
#4127=DIRECTION('',(0.499999999999998,-0.86602540378444,0.));
#4128=DIRECTION('center_axis',(-0.866025403784438,0.500000000000001,0.));
#4129=DIRECTION('ref_axis',(-0.500000000000001,-0.866025403784438,0.));
#4130=DIRECTION('',(-0.500000000000001,-0.866025403784438,0.));
#4131=DIRECTION('',(0.,0.,1.));
#4132=DIRECTION('',(-0.500000000000001,-0.866025403784438,0.));
#4133=DIRECTION('center_axis',(0.,1.,0.));
#4134=DIRECTION('ref_axis',(-1.,0.,0.));
#4135=DIRECTION('',(-1.,0.,0.));
#4136=DIRECTION('',(0.,0.,1.));
#4137=DIRECTION('',(-1.,0.,0.));
#4138=DIRECTION('center_axis',(0.866025403784437,0.500000000000002,0.));
#4139=DIRECTION('ref_axis',(-0.500000000000002,0.866025403784437,0.));
#4140=DIRECTION('',(-0.500000000000002,0.866025403784437,0.));
#4141=DIRECTION('',(-0.500000000000002,0.866025403784437,0.));
#4142=DIRECTION('center_axis',(0.,0.,1.));
#4143=DIRECTION('ref_axis',(1.,0.,0.));
#4144=DIRECTION('center_axis',(0.,0.,-1.));
#4145=DIRECTION('ref_axis',(1.,0.,0.));
#4146=DIRECTION('center_axis',(8.18456133808705E-15,1.,0.));
#4147=DIRECTION('ref_axis',(-1.,8.18456133808705E-15,0.));
#4148=DIRECTION('',(-1.,8.18456133808705E-15,0.));
#4149=DIRECTION('',(0.,0.,1.));
#4150=DIRECTION('',(-1.,8.18456133808705E-15,0.));
#4151=DIRECTION('',(0.,0.,1.));
#4152=DIRECTION('center_axis',(0.866025403784436,0.500000000000004,0.));
#4153=DIRECTION('ref_axis',(-0.500000000000004,0.866025403784436,0.));
#4154=DIRECTION('',(-0.500000000000004,0.866025403784436,0.));
#4155=DIRECTION('',(0.,0.,1.));
#4156=DIRECTION('',(-0.500000000000004,0.866025403784436,0.));
#4157=DIRECTION('center_axis',(0.866025403784437,-0.500000000000003,0.));
#4158=DIRECTION('ref_axis',(0.500000000000003,0.866025403784437,0.));
#4159=DIRECTION('',(0.500000000000003,0.866025403784437,0.));
#4160=DIRECTION('',(0.,0.,1.));
#4161=DIRECTION('',(0.500000000000003,0.866025403784437,0.));
#4162=DIRECTION('center_axis',(-8.18456133808705E-15,-1.,0.));
#4163=DIRECTION('ref_axis',(1.,-8.18456133808705E-15,0.));
#4164=DIRECTION('',(1.,-8.18456133808705E-15,0.));
#4165=DIRECTION('',(0.,0.,1.));
#4166=DIRECTION('',(1.,-8.18456133808705E-15,0.));
#4167=DIRECTION('center_axis',(-0.866025403784442,-0.499999999999994,0.));
#4168=DIRECTION('ref_axis',(0.499999999999994,-0.866025403784442,0.));
#4169=DIRECTION('',(0.499999999999994,-0.866025403784442,0.));
#4170=DIRECTION('',(0.,0.,1.));
#4171=DIRECTION('',(0.499999999999994,-0.866025403784442,0.));
#4172=DIRECTION('center_axis',(-0.866025403784437,0.500000000000003,0.));
#4173=DIRECTION('ref_axis',(-0.500000000000003,-0.866025403784437,0.));
#4174=DIRECTION('',(-0.500000000000003,-0.866025403784437,0.));
#4175=DIRECTION('',(-0.500000000000003,-0.866025403784437,0.));
#4176=DIRECTION('center_axis',(0.,0.,1.));
#4177=DIRECTION('ref_axis',(1.,0.,0.));
#4178=DIRECTION('center_axis',(0.,0.,-1.));
#4179=DIRECTION('ref_axis',(1.,0.,0.));
#4180=DIRECTION('center_axis',(-0.866025403784439,0.499999999999999,0.));
#4181=DIRECTION('ref_axis',(-0.499999999999999,-0.866025403784439,0.));
#4182=DIRECTION('',(-0.499999999999999,-0.866025403784439,0.));
#4183=DIRECTION('',(0.,0.,1.));
#4184=DIRECTION('',(-0.499999999999999,-0.866025403784439,0.));
#4185=DIRECTION('',(0.,0.,1.));
#4186=DIRECTION('center_axis',(2.25075436797395E-15,1.,0.));
#4187=DIRECTION('ref_axis',(-1.,2.25075436797395E-15,0.));
#4188=DIRECTION('',(-1.,2.25075436797395E-15,0.));
#4189=DIRECTION('',(0.,0.,1.));
#4190=DIRECTION('',(-1.,2.25075436797395E-15,0.));
#4191=DIRECTION('center_axis',(0.86602540378444,0.499999999999998,0.));
#4192=DIRECTION('ref_axis',(-0.499999999999998,0.86602540378444,0.));
#4193=DIRECTION('',(-0.499999999999998,0.86602540378444,0.));
#4194=DIRECTION('',(0.,0.,1.));
#4195=DIRECTION('',(-0.499999999999998,0.86602540378444,0.));
#4196=DIRECTION('center_axis',(0.866025403784438,-0.500000000000001,0.));
#4197=DIRECTION('ref_axis',(0.500000000000001,0.866025403784438,0.));
#4198=DIRECTION('',(0.500000000000001,0.866025403784438,0.));
#4199=DIRECTION('',(0.,0.,1.));
#4200=DIRECTION('',(0.500000000000001,0.866025403784438,0.));
#4201=DIRECTION('center_axis',(-2.86459646833048E-15,-1.,0.));
#4202=DIRECTION('ref_axis',(1.,-2.86459646833048E-15,0.));
#4203=DIRECTION('',(1.,-2.86459646833048E-15,0.));
#4204=DIRECTION('',(0.,0.,1.));
#4205=DIRECTION('',(1.,-2.86459646833048E-15,0.));
#4206=DIRECTION('center_axis',(-0.86602540378444,-0.499999999999997,0.));
#4207=DIRECTION('ref_axis',(0.499999999999997,-0.86602540378444,0.));
#4208=DIRECTION('',(0.499999999999997,-0.86602540378444,0.));
#4209=DIRECTION('',(0.499999999999997,-0.86602540378444,0.));
#4210=DIRECTION('center_axis',(0.,0.,1.));
#4211=DIRECTION('ref_axis',(1.,0.,0.));
#4212=DIRECTION('center_axis',(0.,0.,-1.));
#4213=DIRECTION('ref_axis',(1.,0.,0.));
#4214=DIRECTION('center_axis',(0.,0.,-1.));
#4215=DIRECTION('ref_axis',(1.,0.,0.));
#4216=DIRECTION('center_axis',(0.,0.,-1.));
#4217=DIRECTION('ref_axis',(1.,0.,0.));
#4218=DIRECTION('',(0.,0.,-1.));
#4219=DIRECTION('center_axis',(0.,0.,-1.));
#4220=DIRECTION('ref_axis',(1.,0.,0.));
#4221=DIRECTION('center_axis',(0.,0.,-1.));
#4222=DIRECTION('ref_axis',(1.,0.,0.));
#4223=DIRECTION('',(0.,0.,-1.));
#4224=DIRECTION('center_axis',(0.,0.,-1.));
#4225=DIRECTION('ref_axis',(1.,0.,0.));
#4226=DIRECTION('center_axis',(0.,0.,-1.));
#4227=DIRECTION('ref_axis',(1.,0.,0.));
#4228=DIRECTION('',(0.,0.,-1.));
#4229=DIRECTION('center_axis',(0.,0.,-1.));
#4230=DIRECTION('ref_axis',(1.,0.,0.));
#4231=DIRECTION('center_axis',(0.,0.,-1.));
#4232=DIRECTION('ref_axis',(1.,0.,0.));
#4233=DIRECTION('',(0.,0.,-1.));
#4234=DIRECTION('center_axis',(0.,-1.,0.));
#4235=DIRECTION('ref_axis',(-1.,0.,0.));
#4236=DIRECTION('',(-1.,0.,0.));
#4237=DIRECTION('',(0.,0.,-1.));
#4238=DIRECTION('',(-1.,0.,0.));
#4239=DIRECTION('',(0.,0.,-1.));
#4240=DIRECTION('center_axis',(1.,0.,0.));
#4241=DIRECTION('ref_axis',(0.,-1.,0.));
#4242=DIRECTION('',(0.,-1.,0.));
#4243=DIRECTION('',(0.,0.,-1.));
#4244=DIRECTION('',(0.,-1.,0.));
#4245=DIRECTION('center_axis',(0.,1.,0.));
#4246=DIRECTION('ref_axis',(1.,0.,0.));
#4247=DIRECTION('',(1.,0.,0.));
#4248=DIRECTION('',(0.,0.,-1.));
#4249=DIRECTION('',(1.,0.,0.));
#4250=DIRECTION('center_axis',(-1.,0.,0.));
#4251=DIRECTION('ref_axis',(0.,1.,0.));
#4252=DIRECTION('',(0.,1.,0.));
#4253=DIRECTION('',(0.,1.,0.));
#4254=DIRECTION('center_axis',(0.,0.,-1.));
#4255=DIRECTION('ref_axis',(-1.,0.,0.));
#4256=DIRECTION('center_axis',(0.,1.,0.));
#4257=DIRECTION('ref_axis',(1.,0.,0.));
#4258=DIRECTION('',(1.,0.,0.));
#4259=DIRECTION('',(0.,0.,-1.));
#4260=DIRECTION('',(1.,0.,0.));
#4261=DIRECTION('',(0.,0.,-1.));
#4262=DIRECTION('center_axis',(-1.,0.,0.));
#4263=DIRECTION('ref_axis',(0.,1.,0.));
#4264=DIRECTION('',(0.,1.,0.));
#4265=DIRECTION('',(0.,0.,-1.));
#4266=DIRECTION('',(0.,1.,0.));
#4267=DIRECTION('center_axis',(0.,-1.,0.));
#4268=DIRECTION('ref_axis',(-1.,0.,0.));
#4269=DIRECTION('',(-1.,0.,0.));
#4270=DIRECTION('',(0.,0.,1.));
#4271=DIRECTION('',(-1.,0.,0.));
#4272=DIRECTION('center_axis',(0.,0.,-1.));
#4273=DIRECTION('ref_axis',(-1.,0.,0.));
#4274=DIRECTION('',(0.,-1.,0.));
#4275=DIRECTION('center_axis',(1.,0.,0.));
#4276=DIRECTION('ref_axis',(0.,1.,0.));
#4277=DIRECTION('',(0.,1.,0.));
#4278=DIRECTION('',(0.,0.,1.));
#4279=DIRECTION('',(0.,1.,0.));
#4280=DIRECTION('',(0.,0.,1.));
#4281=DIRECTION('',(0.,1.,0.));
#4282=DIRECTION('center_axis',(0.,-1.,0.));
#4283=DIRECTION('ref_axis',(1.,0.,0.));
#4284=DIRECTION('',(1.,0.,0.));
#4285=DIRECTION('',(1.,0.,0.));
#4286=DIRECTION('',(0.,0.,1.));
#4287=DIRECTION('center_axis',(-1.,0.,0.));
#4288=DIRECTION('ref_axis',(0.,-1.,0.));
#4289=DIRECTION('',(0.,-1.,0.));
#4290=DIRECTION('',(0.,-1.,0.));
#4291=DIRECTION('',(0.,0.,1.));
#4292=DIRECTION('center_axis',(0.,1.,0.));
#4293=DIRECTION('ref_axis',(-1.,0.,0.));
#4294=DIRECTION('',(-1.,0.,0.));
#4295=DIRECTION('',(-1.,0.,0.));
#4296=DIRECTION('center_axis',(0.,0.,1.));
#4297=DIRECTION('ref_axis',(1.,0.,0.));
#4298=DIRECTION('center_axis',(0.,0.,1.));
#4299=DIRECTION('ref_axis',(1.,0.,0.));
#4300=DIRECTION('',(8.38063190947481E-17,-1.88413502762846E-31,1.));
#4301=DIRECTION('',(1.,-3.94430452610506E-31,-3.33066907387549E-16));
#4302=DIRECTION('',(0.,0.,1.));
#4303=DIRECTION('',(1.,-3.75844508556212E-15,0.));
#4304=DIRECTION('axis',(0.,0.,1.));
#4305=DIRECTION('refdir',(1.,0.,0.));
#4306=DIRECTION('center_axis',(-1.40998606124607E-16,-1.,0.));
#4307=DIRECTION('ref_axis',(-1.,1.40998606124607E-16,0.));
#4308=DIRECTION('',(1.,-1.40998606124607E-16,0.));
#4309=DIRECTION('',(0.,0.,-1.));
#4310=DIRECTION('',(-1.,1.40998606124607E-16,0.));
#4311=DIRECTION('',(0.,0.,-1.));
#4312=DIRECTION('center_axis',(1.,0.,0.));
#4313=DIRECTION('ref_axis',(0.,-1.,0.));
#4314=DIRECTION('',(0.,1.,0.));
#4315=DIRECTION('',(0.,-1.,0.));
#4316=DIRECTION('',(0.,0.,-1.));
#4317=DIRECTION('center_axis',(-2.81997212249214E-16,1.,0.));
#4318=DIRECTION('ref_axis',(1.,2.81997212249214E-16,0.));
#4319=DIRECTION('',(-1.,-2.81997212249214E-16,0.));
#4320=DIRECTION('',(1.,2.81997212249214E-16,0.));
#4321=DIRECTION('',(0.,0.,-1.));
#4322=DIRECTION('center_axis',(-1.,0.,0.));
#4323=DIRECTION('ref_axis',(0.,1.,0.));
#4324=DIRECTION('',(0.,-1.,0.));
#4325=DIRECTION('',(0.,1.,0.));
#4326=DIRECTION('center_axis',(0.,0.,-1.));
#4327=DIRECTION('ref_axis',(-1.,0.,0.));
#4328=DIRECTION('center_axis',(-1.,0.,0.));
#4329=DIRECTION('ref_axis',(0.,0.,-1.));
#4330=DIRECTION('center_axis',(1.,0.,0.));
#4331=DIRECTION('ref_axis',(0.,1.,0.));
#4332=DIRECTION('',(0.,-1.,0.));
#4333=DIRECTION('',(0.,0.,-1.));
#4334=DIRECTION('',(0.,1.,0.));
#4335=DIRECTION('',(0.,0.,1.));
#4336=DIRECTION('center_axis',(-1.,0.,0.));
#4337=DIRECTION('ref_axis',(0.,0.,-1.));
#4338=DIRECTION('center_axis',(1.,0.,0.));
#4339=DIRECTION('ref_axis',(0.,1.,0.));
#4340=DIRECTION('',(0.,0.,1.));
#4341=DIRECTION('',(0.,-1.,0.));
#4342=DIRECTION('',(0.,0.,-1.));
#4343=DIRECTION('',(0.,-1.,0.));
#4344=DIRECTION('center_axis',(0.,0.,1.));
#4345=DIRECTION('ref_axis',(-1.,0.,0.));
#4346=DIRECTION('',(1.,0.,0.));
#4347=DIRECTION('',(-1.,0.,0.));
#4348=DIRECTION('center_axis',(0.,1.,0.));
#4349=DIRECTION('ref_axis',(0.,0.,-1.));
#4350=DIRECTION('',(1.,0.,0.));
#4351=DIRECTION('',(0.,0.,1.));
#4352=DIRECTION('',(-1.,0.,0.));
#4353=DIRECTION('center_axis',(0.,1.,0.));
#4354=DIRECTION('ref_axis',(-1.,0.,0.));
#4355=DIRECTION('',(-1.,0.,0.));
#4356=DIRECTION('',(0.,0.,1.));
#4357=DIRECTION('',(-1.,0.,0.));
#4358=DIRECTION('center_axis',(0.,0.,1.));
#4359=DIRECTION('ref_axis',(1.,0.,0.));
#4360=DIRECTION('',(-1.,0.,0.));
#4361=DIRECTION('',(-2.28364087893994E-33,-1.,0.));
#4362=DIRECTION('center_axis',(0.,1.,0.));
#4363=DIRECTION('ref_axis',(0.,0.,-1.));
#4364=DIRECTION('',(-1.,0.,0.));
#4365=DIRECTION('',(0.,0.,1.));
#4366=DIRECTION('center_axis',(-1.,0.,0.));
#4367=DIRECTION('ref_axis',(0.,1.,0.));
#4368=DIRECTION('center_axis',(1.,-2.28364087893994E-33,0.));
#4369=DIRECTION('ref_axis',(0.,1.,0.));
#4370=DIRECTION('center_axis',(-1.,2.28364087893994E-33,0.));
#4371=DIRECTION('ref_axis',(-2.28364087893994E-33,-1.,0.));
#4372=DIRECTION('',(-2.28364087893994E-33,-1.,0.));
#4373=DIRECTION('center_axis',(0.,0.,1.));
#4374=DIRECTION('ref_axis',(1.,0.,0.));
#4375=DIRECTION('axis',(0.,0.,1.));
#4376=DIRECTION('refdir',(1.,0.,0.));
#4377=DIRECTION('center_axis',(0.,0.,1.));
#4378=DIRECTION('ref_axis',(-1.,0.,0.));
#4379=DIRECTION('center_axis',(0.,0.,1.));
#4380=DIRECTION('ref_axis',(-1.,0.,0.));
#4381=DIRECTION('center_axis',(0.,0.,1.));
#4382=DIRECTION('ref_axis',(-1.,0.,0.));
#4383=DIRECTION('center_axis',(0.,0.,1.));
#4384=DIRECTION('ref_axis',(-1.,0.,0.));
#4385=DIRECTION('center_axis',(0.,0.,1.));
#4386=DIRECTION('ref_axis',(-1.,0.,0.));
#4387=DIRECTION('',(0.,0.,1.));
#4388=DIRECTION('center_axis',(0.,0.,1.));
#4389=DIRECTION('ref_axis',(-1.,0.,0.));
#4390=DIRECTION('',(0.,0.,1.));
#4391=DIRECTION('center_axis',(0.,0.,-1.));
#4392=DIRECTION('ref_axis',(-1.,0.,0.));
#4393=DIRECTION('center_axis',(1.,0.,0.));
#4394=DIRECTION('ref_axis',(0.,0.707106781186548,0.707106781186547));
#4395=DIRECTION('center_axis',(-0.707106781186549,-0.707106781186547,0.));
#4396=DIRECTION('ref_axis',(-0.707106781186547,0.707106781186548,-1.23629327455416E-16));
#4397=DIRECTION('',(-1.,0.,0.));
#4398=DIRECTION('center_axis',(0.707106781186548,-0.707106781186548,0.));
#4399=DIRECTION('ref_axis',(0.707106781186547,0.707106781186547,6.18146637277077E-17));
#4400=DIRECTION('center_axis',(1.,3.305679065223E-33,0.));
#4401=DIRECTION('ref_axis',(0.,0.707106781186548,0.707106781186547));
#4402=DIRECTION('',(1.,0.,0.));
#4403=DIRECTION('center_axis',(0.707106781186547,-0.707106781186548,0.));
#4404=DIRECTION('ref_axis',(0.707106781186548,0.707106781186547,0.));
#4405=DIRECTION('',(-1.,0.,0.));
#4406=DIRECTION('center_axis',(-0.707106781186549,-0.707106781186546,0.));
#4407=DIRECTION('ref_axis',(-0.707106781186546,0.707106781186549,0.));
#4408=DIRECTION('',(1.,0.,0.));
#4409=DIRECTION('center_axis',(-1.,0.,0.));
#4410=DIRECTION('ref_axis',(0.,0.707106781186548,0.707106781186547));
#4411=DIRECTION('center_axis',(0.,0.,-1.));
#4412=DIRECTION('ref_axis',(-1.,0.,0.));
#4413=DIRECTION('',(-3.305679065223E-33,1.,0.));
#4414=DIRECTION('',(0.707106781186548,0.707106781186547,0.));
#4415=DIRECTION('center_axis',(-1.,-3.305679065223E-33,0.));
#4416=DIRECTION('ref_axis',(3.305679065223E-33,-1.,0.));
#4417=DIRECTION('',(0.,0.,1.));
#4418=DIRECTION('',(3.305679065223E-33,-1.,0.));
#4419=DIRECTION('',(0.,0.,-1.));
#4420=DIRECTION('center_axis',(1.,3.305679065223E-33,0.));
#4421=DIRECTION('ref_axis',(0.,-0.707106781186548,0.707106781186548));
#4422=DIRECTION('',(-3.305679065223E-33,1.,0.));
#4423=DIRECTION('',(0.,0.,-1.));
#4424=DIRECTION('',(3.305679065223E-33,-1.,0.));
#4425=DIRECTION('',(0.,0.,1.));
#4426=DIRECTION('center_axis',(-1.,0.,0.));
#4427=DIRECTION('ref_axis',(0.,-0.707106781186548,0.707106781186548));
#4428=DIRECTION('center_axis',(0.707106781186548,0.707106781186548,0.));
#4429=DIRECTION('ref_axis',(0.707106781186547,-0.707106781186547,0.));
#4430=DIRECTION('',(1.,0.,0.));
#4431=DIRECTION('center_axis',(-0.707106781186548,0.707106781186547,0.));
#4432=DIRECTION('ref_axis',(-0.707106781186547,-0.707106781186548,0.));
#4433=DIRECTION('center_axis',(-1.,0.,0.));
#4434=DIRECTION('ref_axis',(0.,-0.707106781186548,0.707106781186548));
#4435=DIRECTION('',(-1.,0.,0.));
#4436=DIRECTION('center_axis',(-0.707106781186548,0.707106781186547,0.));
#4437=DIRECTION('ref_axis',(-0.707106781186547,-0.707106781186548,0.));
#4438=DIRECTION('',(1.,0.,0.));
#4439=DIRECTION('center_axis',(0.707106781186548,0.707106781186547,0.));
#4440=DIRECTION('ref_axis',(0.707106781186547,-0.707106781186548,0.));
#4441=DIRECTION('',(-1.,0.,0.));
#4442=DIRECTION('center_axis',(0.,0.,-1.));
#4443=DIRECTION('ref_axis',(-1.,0.,0.));
#4444=DIRECTION('',(0.,-1.,0.));
#4445=DIRECTION('',(-0.707106781186547,-0.707106781186548,0.));
#4446=DIRECTION('center_axis',(1.,0.,0.));
#4447=DIRECTION('ref_axis',(0.,1.,0.));
#4448=DIRECTION('',(0.,-1.,0.));
#4449=DIRECTION('',(0.,0.,-1.));
#4450=DIRECTION('',(0.,1.,0.));
#4451=DIRECTION('',(0.,0.,1.));
#4452=DIRECTION('',(0.,0.,1.));
#4453=DIRECTION('',(0.,1.,0.));
#4454=DIRECTION('',(0.,0.,-1.));
#4455=DIRECTION('center_axis',(-0.707106781186548,-0.707106781186548,0.));
#4456=DIRECTION('ref_axis',(0.,0.,1.));
#4457=DIRECTION('',(0.707106781186548,-0.707106781186548,0.));
#4458=DIRECTION('',(0.,0.,1.));
#4459=DIRECTION('center_axis',(0.,0.,1.));
#4460=DIRECTION('ref_axis',(1.,0.,0.));
#4461=DIRECTION('',(-0.707106781186548,-0.707106781186548,0.));
#4462=DIRECTION('',(-1.,0.,0.));
#4463=DIRECTION('',(-0.707106781186547,0.707106781186549,0.));
#4464=DIRECTION('',(0.707106781186547,0.707106781186548,0.));
#4465=DIRECTION('',(1.,0.,0.));
#4466=DIRECTION('center_axis',(-0.707106781186548,-0.707106781186547,0.));
#4467=DIRECTION('ref_axis',(0.,0.,1.));
#4468=DIRECTION('',(-0.707106781186547,0.707106781186548,0.));
#4469=DIRECTION('',(-0.707106781186547,0.707106781186548,0.));
#4470=DIRECTION('',(0.,0.,-1.));
#4471=DIRECTION('center_axis',(0.,1.,0.));
#4472=DIRECTION('ref_axis',(1.,0.,0.));
#4473=DIRECTION('',(0.,0.,-1.));
#4474=DIRECTION('',(1.,0.,0.));
#4475=DIRECTION('center_axis',(-0.707106781186547,0.707106781186548,0.));
#4476=DIRECTION('ref_axis',(0.,0.,1.));
#4477=DIRECTION('',(0.707106781186548,0.707106781186547,0.));
#4478=DIRECTION('',(0.,0.,-1.));
#4479=DIRECTION('center_axis',(-0.707106781186548,0.707106781186548,0.));
#4480=DIRECTION('ref_axis',(0.,0.,1.));
#4481=DIRECTION('',(0.,0.,-1.));
#4482=DIRECTION('center_axis',(0.,1.,0.));
#4483=DIRECTION('ref_axis',(-1.,0.,0.));
#4484=DIRECTION('',(0.,0.,1.));
#4485=DIRECTION('center_axis',(0.,0.,-1.));
#4486=DIRECTION('ref_axis',(-1.,0.,0.));
#4487=DIRECTION('',(0.707106781186546,-0.707106781186549,0.));
#4488=DIRECTION('center_axis',(0.707106781186549,0.707106781186547,0.));
#4489=DIRECTION('ref_axis',(0.,0.,-1.));
#4490=DIRECTION('center_axis',(0.707106781186549,0.707106781186546,0.));
#4491=DIRECTION('ref_axis',(0.,0.,-1.));
#4492=DIRECTION('',(0.707106781186546,-0.707106781186549,0.));
#4493=DIRECTION('',(0.,0.,-1.));
#4494=DIRECTION('center_axis',(0.,-1.,0.));
#4495=DIRECTION('ref_axis',(-1.,0.,0.));
#4496=DIRECTION('',(-1.,0.,0.));
#4497=DIRECTION('center_axis',(0.707106781186548,-0.707106781186547,0.));
#4498=DIRECTION('ref_axis',(0.,0.,-1.));
#4499=DIRECTION('',(0.,0.,-1.));
#4500=DIRECTION('center_axis',(0.,0.,-1.));
#4501=DIRECTION('ref_axis',(-1.,0.,0.));
#4502=DIRECTION('center_axis',(0.707106781186548,-0.707106781186547,0.));
#4503=DIRECTION('ref_axis',(0.,0.,-1.));
#4504=DIRECTION('',(-0.707106781186547,-0.707106781186548,0.));
#4505=DIRECTION('center_axis',(0.,-1.,0.));
#4506=DIRECTION('ref_axis',(1.,0.,0.));
#4507=DIRECTION('center_axis',(0.,0.,1.));
#4508=DIRECTION('ref_axis',(1.,0.,0.));
#4509=DIRECTION('axis',(0.,0.,1.));
#4510=DIRECTION('refdir',(1.,0.,0.));
#4511=DIRECTION('center_axis',(-0.866025403784438,-0.5,0.));
#4512=DIRECTION('ref_axis',(0.5,-0.866025403784438,0.));
#4513=DIRECTION('',(0.5,-0.866025403784438,0.));
#4514=DIRECTION('',(0.,0.,1.));
#4515=DIRECTION('',(0.5,-0.866025403784438,0.));
#4516=DIRECTION('',(0.,0.,1.));
#4517=DIRECTION('center_axis',(-0.866025403784439,0.5,0.));
#4518=DIRECTION('ref_axis',(-0.5,-0.866025403784439,0.));
#4519=DIRECTION('',(-0.5,-0.866025403784439,0.));
#4520=DIRECTION('',(0.,0.,1.));
#4521=DIRECTION('',(-0.5,-0.866025403784439,0.));
#4522=DIRECTION('center_axis',(-7.84530490956536E-16,1.,0.));
#4523=DIRECTION('ref_axis',(-1.,-7.84530490956536E-16,0.));
#4524=DIRECTION('',(-1.,-7.84530490956536E-16,0.));
#4525=DIRECTION('',(0.,0.,1.));
#4526=DIRECTION('',(-1.,-7.84530490956536E-16,0.));
#4527=DIRECTION('center_axis',(0.866025403784438,0.500000000000001,0.));
#4528=DIRECTION('ref_axis',(-0.500000000000001,0.866025403784438,0.));
#4529=DIRECTION('',(-0.500000000000001,0.866025403784438,0.));
#4530=DIRECTION('',(0.,0.,1.));
#4531=DIRECTION('',(-0.500000000000001,0.866025403784438,0.));
#4532=DIRECTION('center_axis',(0.866025403784439,-0.499999999999999,0.));
#4533=DIRECTION('ref_axis',(0.499999999999999,0.866025403784439,0.));
#4534=DIRECTION('',(0.499999999999999,0.866025403784439,0.));
#4535=DIRECTION('',(0.,0.,1.));
#4536=DIRECTION('',(0.499999999999999,0.866025403784439,0.));
#4537=DIRECTION('center_axis',(6.86464179586968E-16,-1.,0.));
#4538=DIRECTION('ref_axis',(1.,6.86464179586968E-16,0.));
#4539=DIRECTION('',(1.,6.86464179586968E-16,0.));
#4540=DIRECTION('',(1.,6.86464179586968E-16,0.));
#4541=DIRECTION('center_axis',(0.,0.,-1.));
#4542=DIRECTION('ref_axis',(1.,0.,0.));
#4543=DIRECTION('center_axis',(0.,0.,-1.));
#4544=DIRECTION('ref_axis',(1.,0.,0.));
#4545=DIRECTION('center_axis',(0.,0.,-1.));
#4546=DIRECTION('ref_axis',(1.,0.,0.));
#4547=DIRECTION('center_axis',(0.,0.,-1.));
#4548=DIRECTION('ref_axis',(1.,0.,0.));
#4549=DIRECTION('',(0.,0.,-1.));
#4550=DIRECTION('center_axis',(-0.707106781186548,0.707106781186547,0.));
#4551=DIRECTION('ref_axis',(0.,0.,1.));
#4552=DIRECTION('',(0.707106781186547,0.707106781186548,0.));
#4553=DIRECTION('',(0.,0.,-1.));
#4554=DIRECTION('',(-0.707106781186547,-0.707106781186548,0.));
#4555=DIRECTION('',(0.,0.,1.));
#4556=DIRECTION('center_axis',(0.,0.,-1.));
#4557=DIRECTION('ref_axis',(-1.,0.,0.));
#4558=DIRECTION('',(0.,1.,0.));
#4559=DIRECTION('',(0.707106781186548,0.707106781186548,0.));
#4560=DIRECTION('',(-1.,0.,0.));
#4561=DIRECTION('',(0.707106781186548,-0.707106781186547,0.));
#4562=DIRECTION('',(6.12323399573677E-17,-1.,0.));
#4563=DIRECTION('',(0.707106781186547,-0.707106781186548,0.));
#4564=DIRECTION('',(1.,0.,0.));
#4565=DIRECTION('center_axis',(-1.,0.,0.));
#4566=DIRECTION('ref_axis',(0.,-1.,0.));
#4567=DIRECTION('',(0.,1.,0.));
#4568=DIRECTION('',(0.,0.,-1.));
#4569=DIRECTION('',(0.,1.,0.));
#4570=DIRECTION('',(0.,0.,-1.));
#4571=DIRECTION('',(0.,-1.,0.));
#4572=DIRECTION('',(0.,0.,1.));
#4573=DIRECTION('center_axis',(-0.707106781186548,0.707106781186548,0.));
#4574=DIRECTION('ref_axis',(0.,0.,1.));
#4575=DIRECTION('',(0.707106781186548,0.707106781186548,0.));
#4576=DIRECTION('',(0.,0.,-1.));
#4577=DIRECTION('center_axis',(0.,0.,1.));
#4578=DIRECTION('ref_axis',(1.,0.,0.));
#4579=DIRECTION('',(-0.707106781186546,0.707106781186549,0.));
#4580=DIRECTION('',(1.,0.,0.));
#4581=DIRECTION('',(-0.707106781186547,-0.707106781186548,0.));
#4582=DIRECTION('',(-6.12323399573677E-17,1.,0.));
#4583=DIRECTION('',(0.707106781186548,-0.707106781186547,0.));
#4584=DIRECTION('',(-1.,0.,0.));
#4585=DIRECTION('center_axis',(-0.707106781186549,-0.707106781186546,0.));
#4586=DIRECTION('ref_axis',(0.,0.,1.));
#4587=DIRECTION('',(-0.707106781186546,0.707106781186549,0.));
#4588=DIRECTION('',(0.,0.,1.));
#4589=DIRECTION('center_axis',(0.,1.,0.));
#4590=DIRECTION('ref_axis',(1.,0.,0.));
#4591=DIRECTION('',(1.,0.,0.));
#4592=DIRECTION('',(0.,0.,-1.));
#4593=DIRECTION('center_axis',(-0.707106781186549,-0.707106781186546,0.));
#4594=DIRECTION('ref_axis',(0.,0.,1.));
#4595=DIRECTION('',(-0.707106781186546,0.707106781186549,0.));
#4596=DIRECTION('',(0.707106781186546,-0.707106781186549,0.));
#4597=DIRECTION('',(0.,0.,1.));
#4598=DIRECTION('center_axis',(0.,0.,-1.));
#4599=DIRECTION('ref_axis',(-1.,0.,0.));
#4600=DIRECTION('',(-1.,0.,0.));
#4601=DIRECTION('',(-0.707106781186547,-0.707106781186548,0.));
#4602=DIRECTION('',(6.12323399573677E-17,-1.,0.));
#4603=DIRECTION('',(-0.707106781186547,-0.707106781186548,0.));
#4604=DIRECTION('center_axis',(0.707106781186548,0.707106781186547,0.));
#4605=DIRECTION('ref_axis',(0.,0.,-1.));
#4606=DIRECTION('',(0.,0.,-1.));
#4607=DIRECTION('',(-0.707106781186547,0.707106781186548,0.));
#4608=DIRECTION('',(0.,0.,1.));
#4609=DIRECTION('center_axis',(0.,0.,1.));
#4610=DIRECTION('ref_axis',(1.,0.,0.));
#4611=DIRECTION('',(1.,0.,0.));
#4612=DIRECTION('',(6.12323399573677E-17,-1.,0.));
#4613=DIRECTION('',(0.707106781186547,0.707106781186548,0.));
#4614=DIRECTION('',(-1.,0.,0.));
#4615=DIRECTION('center_axis',(1.,6.12323399573677E-17,0.));
#4616=DIRECTION('ref_axis',(-6.12323399573677E-17,1.,0.));
#4617=DIRECTION('',(0.,0.,-1.));
#4618=DIRECTION('',(0.,0.,1.));
#4619=DIRECTION('',(0.,0.,1.));
#4620=DIRECTION('center_axis',(0.707106781186548,-0.707106781186547,0.));
#4621=DIRECTION('ref_axis',(0.,0.,-1.));
#4622=DIRECTION('',(0.,0.,-1.));
#4623=DIRECTION('center_axis',(0.707106781186547,0.707106781186548,0.));
#4624=DIRECTION('ref_axis',(0.,0.,-1.));
#4625=DIRECTION('',(0.,0.,1.));
#4626=DIRECTION('center_axis',(0.707106781186548,-0.707106781186547,0.));
#4627=DIRECTION('ref_axis',(0.,0.,-1.));
#4628=DIRECTION('center_axis',(0.,-1.,0.));
#4629=DIRECTION('ref_axis',(-1.,0.,0.));
#4630=DIRECTION('center_axis',(0.,-1.,0.));
#4631=DIRECTION('ref_axis',(1.,0.,0.));
#4632=DIRECTION('center_axis',(0.,1.,0.));
#4633=DIRECTION('ref_axis',(-1.,0.,0.));
#4634=DIRECTION('axis',(0.,0.,1.));
#4635=DIRECTION('refdir',(1.,0.,0.));
#4636=DIRECTION('center_axis',(0.,0.,1.));
#4637=DIRECTION('ref_axis',(1.,0.,0.));
#4638=DIRECTION('center_axis',(0.,0.,1.));
#4639=DIRECTION('ref_axis',(1.,0.,0.));
#4640=DIRECTION('',(0.,0.,-1.));
#4641=DIRECTION('center_axis',(0.,0.,1.));
#4642=DIRECTION('ref_axis',(1.,0.,0.));
#4643=DIRECTION('center_axis',(0.,0.,1.));
#4644=DIRECTION('ref_axis',(1.,0.,0.));
#4645=DIRECTION('center_axis',(0.,0.,1.));
#4646=DIRECTION('ref_axis',(1.,0.,0.));
#4647=DIRECTION('axis',(0.,0.,1.));
#4648=DIRECTION('refdir',(1.,0.,0.));
#4649=DIRECTION('center_axis',(0.,0.,1.));
#4650=DIRECTION('ref_axis',(1.,0.,0.));
#4651=DIRECTION('center_axis',(0.,0.,-1.));
#4652=DIRECTION('ref_axis',(-1.,0.,0.));
#4653=DIRECTION('center_axis',(0.,-1.,0.));
#4654=DIRECTION('ref_axis',(-1.,0.,0.));
#4655=DIRECTION('center_axis',(0.,0.,1.));
#4656=DIRECTION('ref_axis',(-1.,0.,0.));
#4657=DIRECTION('center_axis',(0.,0.,1.));
#4658=DIRECTION('ref_axis',(-1.,0.,0.));
#4659=DIRECTION('center_axis',(0.,0.,1.));
#4660=DIRECTION('ref_axis',(-1.,0.,0.));
#4661=DIRECTION('',(0.,0.,-1.));
#4662=DIRECTION('center_axis',(0.,0.,1.));
#4663=DIRECTION('ref_axis',(-1.,0.,0.));
#4664=DIRECTION('center_axis',(0.,0.,1.));
#4665=DIRECTION('ref_axis',(-1.,0.,0.));
#4666=DIRECTION('center_axis',(0.,0.,1.));
#4667=DIRECTION('ref_axis',(-1.,0.,0.));
#4668=DIRECTION('center_axis',(0.,0.,1.));
#4669=DIRECTION('ref_axis',(1.,0.,0.));
#4670=DIRECTION('center_axis',(0.,0.,1.));
#4671=DIRECTION('ref_axis',(1.,0.,0.));
#4672=DIRECTION('',(0.,0.,-1.));
#4673=DIRECTION('center_axis',(0.,0.,1.));
#4674=DIRECTION('ref_axis',(1.,0.,0.));
#4675=DIRECTION('center_axis',(0.,0.,1.));
#4676=DIRECTION('ref_axis',(1.,0.,0.));
#4677=DIRECTION('axis',(0.,0.,1.));
#4678=DIRECTION('refdir',(1.,0.,0.));
#4679=DIRECTION('center_axis',(0.,0.,-1.));
#4680=DIRECTION('ref_axis',(-1.,0.,0.));
#4681=DIRECTION('center_axis',(0.,0.,-1.));
#4682=DIRECTION('ref_axis',(-1.,0.,0.));
#4683=DIRECTION('',(0.,0.,1.));
#4684=DIRECTION('center_axis',(0.,0.,1.));
#4685=DIRECTION('ref_axis',(1.,0.,0.));
#4686=DIRECTION('center_axis',(0.,0.,1.));
#4687=DIRECTION('ref_axis',(-1.,0.,0.));
#4688=DIRECTION('center_axis',(0.,0.,-1.));
#4689=DIRECTION('ref_axis',(1.,0.,0.));
#4690=DIRECTION('center_axis',(0.,0.,-1.));
#4691=DIRECTION('ref_axis',(1.,0.,0.));
#4692=DIRECTION('',(0.,0.,-1.));
#4693=DIRECTION('center_axis',(0.,0.,1.));
#4694=DIRECTION('ref_axis',(1.,0.,0.));
#4695=DIRECTION('center_axis',(0.,0.,-1.));
#4696=DIRECTION('ref_axis',(1.,0.,0.));
#4697=DIRECTION('center_axis',(0.,0.,-1.));
#4698=DIRECTION('ref_axis',(1.,0.,0.));
#4699=DIRECTION('',(0.,0.,-1.));
#4700=DIRECTION('center_axis',(0.,0.,1.));
#4701=DIRECTION('ref_axis',(1.,0.,0.));
#4702=DIRECTION('center_axis',(0.,0.,-1.));
#4703=DIRECTION('ref_axis',(1.,0.,0.));
#4704=DIRECTION('center_axis',(0.,0.,-1.));
#4705=DIRECTION('ref_axis',(1.,0.,0.));
#4706=DIRECTION('',(0.,0.,-1.));
#4707=DIRECTION('center_axis',(0.,0.,1.));
#4708=DIRECTION('ref_axis',(1.,0.,0.));
#4709=DIRECTION('center_axis',(0.,0.,-1.));
#4710=DIRECTION('ref_axis',(1.,0.,0.));
#4711=DIRECTION('center_axis',(0.,0.,-1.));
#4712=DIRECTION('ref_axis',(1.,0.,0.));
#4713=DIRECTION('',(0.,0.,-1.));
#4714=DIRECTION('center_axis',(0.,0.,1.));
#4715=DIRECTION('ref_axis',(1.,0.,0.));
#4716=DIRECTION('center_axis',(0.,0.,-1.));
#4717=DIRECTION('ref_axis',(1.,0.,0.));
#4718=DIRECTION('center_axis',(0.,0.,-1.));
#4719=DIRECTION('ref_axis',(1.,0.,0.));
#4720=DIRECTION('',(0.,0.,-1.));
#4721=DIRECTION('center_axis',(0.,0.,1.));
#4722=DIRECTION('ref_axis',(1.,0.,0.));
#4723=DIRECTION('center_axis',(0.,0.,-1.));
#4724=DIRECTION('ref_axis',(1.,0.,0.));
#4725=DIRECTION('center_axis',(0.,0.,-1.));
#4726=DIRECTION('ref_axis',(1.,0.,0.));
#4727=DIRECTION('',(0.,0.,-1.));
#4728=DIRECTION('center_axis',(0.,0.,1.));
#4729=DIRECTION('ref_axis',(1.,0.,0.));
#4730=DIRECTION('center_axis',(0.,0.,-1.));
#4731=DIRECTION('ref_axis',(1.,0.,0.));
#4732=DIRECTION('center_axis',(0.,0.,-1.));
#4733=DIRECTION('ref_axis',(1.,0.,0.));
#4734=DIRECTION('',(0.,0.,-1.));
#4735=DIRECTION('center_axis',(0.,0.,1.));
#4736=DIRECTION('ref_axis',(1.,0.,0.));
#4737=DIRECTION('center_axis',(0.,0.,-1.));
#4738=DIRECTION('ref_axis',(1.,0.,0.));
#4739=DIRECTION('center_axis',(0.,0.,-1.));
#4740=DIRECTION('ref_axis',(1.,0.,0.));
#4741=DIRECTION('',(0.,0.,-1.));
#4742=DIRECTION('center_axis',(0.,0.,1.));
#4743=DIRECTION('ref_axis',(1.,0.,0.));
#4744=DIRECTION('center_axis',(0.,0.,-1.));
#4745=DIRECTION('ref_axis',(1.,0.,0.));
#4746=DIRECTION('center_axis',(0.,0.,-1.));
#4747=DIRECTION('ref_axis',(1.,0.,0.));
#4748=DIRECTION('',(0.,0.,-1.));
#4749=DIRECTION('center_axis',(0.,0.,1.));
#4750=DIRECTION('ref_axis',(1.,0.,0.));
#4751=DIRECTION('center_axis',(0.,0.,1.));
#4752=DIRECTION('ref_axis',(1.,0.,0.));
#4753=DIRECTION('center_axis',(0.,0.,1.));
#4754=DIRECTION('ref_axis',(-0.707106781186548,-0.707106781186548,0.));
#4755=DIRECTION('',(-1.,0.,0.));
#4756=DIRECTION('center_axis',(0.,0.,1.));
#4757=DIRECTION('ref_axis',(0.707106781186546,0.707106781186549,0.));
#4758=DIRECTION('',(1.,0.,0.));
#4759=DIRECTION('center_axis',(0.,0.,1.));
#4760=DIRECTION('ref_axis',(-0.707106781186547,0.707106781186548,0.));
#4761=DIRECTION('center_axis',(0.,0.,-1.));
#4762=DIRECTION('ref_axis',(-0.707106781186548,-0.707106781186548,0.));
#4763=DIRECTION('',(0.,0.,-1.));
#4764=DIRECTION('',(0.,0.,1.));
#4765=DIRECTION('center_axis',(0.,0.,1.));
#4766=DIRECTION('ref_axis',(0.707106781186548,-0.707106781186547,0.));
#4767=DIRECTION('center_axis',(0.,0.,-1.));
#4768=DIRECTION('ref_axis',(0.707106781186546,0.707106781186549,0.));
#4769=DIRECTION('',(0.,0.,-1.));
#4770=DIRECTION('',(0.,0.,1.));
#4771=DIRECTION('center_axis',(0.,-1.,0.));
#4772=DIRECTION('ref_axis',(1.,0.,0.));
#4773=DIRECTION('',(1.,0.,0.));
#4774=DIRECTION('center_axis',(0.,1.,0.));
#4775=DIRECTION('ref_axis',(-1.,0.,0.));
#4776=DIRECTION('',(-1.,0.,0.));
#4777=DIRECTION('center_axis',(0.,0.,1.));
#4778=DIRECTION('ref_axis',(1.,0.,0.));
#4779=DIRECTION('',(0.,0.,1.));
#4780=DIRECTION('',(1.,0.,0.));
#4781=DIRECTION('',(0.,0.,1.));
#4782=DIRECTION('',(6.12323399573679E-17,1.,0.));
#4783=DIRECTION('',(-1.22464704353405E-16,6.12323399573677E-17,1.));
#4784=DIRECTION('',(-6.12323399573677E-17,-1.,6.12323399573677E-17));
#4785=DIRECTION('',(-9.18485099325303E-16,6.12323399573676E-17,1.));
#4786=DIRECTION('',(1.,-6.12323399573677E-17,9.18485099325303E-16));
#4787=DIRECTION('',(2.68044165592767E-14,-6.12323399573661E-17,-1.));
#4788=DIRECTION('',(-0.78310837885409,-0.621885252251981,-2.09526837086851E-14));
#4789=DIRECTION('',(-2.69268812147527E-14,6.1232339957366E-17,1.));
#4790=DIRECTION('',(-0.205335222696686,0.978691701364688,-5.5889647337299E-15));
#4791=DIRECTION('',(2.68656484769239E-14,2.74554862307751E-22,-1.));
#4792=DIRECTION('',(0.835215678221363,0.549922513499156,2.24386109644946E-14));
#4793=CARTESIAN_POINT('',(0.,0.,0.));
#4794=CARTESIAN_POINT('',(0.,0.,0.));
#4795=CARTESIAN_POINT('',(0.,0.,0.));
#4796=CARTESIAN_POINT('',(0.,0.,0.));
#4797=CARTESIAN_POINT('Origin',(0.375,0.625,0.288));
#4798=CARTESIAN_POINT('',(0.22,0.625,0.288));
#4799=CARTESIAN_POINT('Origin',(0.375,0.625,0.288));
#4800=CARTESIAN_POINT('',(0.2865,0.625,0.288));
#4801=CARTESIAN_POINT('Origin',(0.375,0.625,0.288));
#4802=CARTESIAN_POINT('Origin',(0.375,0.625,0.394));
#4803=CARTESIAN_POINT('',(0.22,0.625,0.5));
#4804=CARTESIAN_POINT('Origin',(0.375,0.625,0.5));
#4805=CARTESIAN_POINT('',(0.22,0.625,0.394));
#4806=CARTESIAN_POINT('Origin',(0.375,0.625,0.25));
#4807=CARTESIAN_POINT('',(0.2865,0.625,0.));
#4808=CARTESIAN_POINT('',(0.2865,0.625,0.25));
#4809=CARTESIAN_POINT('Origin',(0.375,0.625,0.));
#4810=CARTESIAN_POINT('Origin',(1.5,1.75,0.288));
#4811=CARTESIAN_POINT('',(1.345,1.75,0.288));
#4812=CARTESIAN_POINT('Origin',(1.5,1.75,0.288));
#4813=CARTESIAN_POINT('',(1.4115,1.75,0.288));
#4814=CARTESIAN_POINT('Origin',(1.5,1.75,0.288));
#4815=CARTESIAN_POINT('Origin',(1.5,1.75,0.394));
#4816=CARTESIAN_POINT('',(1.345,1.75,0.5));
#4817=CARTESIAN_POINT('Origin',(1.5,1.75,0.5));
#4818=CARTESIAN_POINT('',(1.345,1.75,0.394));
#4819=CARTESIAN_POINT('Origin',(1.5,1.75,0.25));
#4820=CARTESIAN_POINT('',(1.4115,1.75,0.));
#4821=CARTESIAN_POINT('',(1.4115,1.75,0.25));
#4822=CARTESIAN_POINT('Origin',(1.5,1.75,0.));
#4823=CARTESIAN_POINT('Origin',(0.,0.2335,0.355));
#4824=CARTESIAN_POINT('',(1.8915,0.2335,0.5));
#4825=CARTESIAN_POINT('',(1.8915,0.2335,0.3652));
#4826=CARTESIAN_POINT('',(1.8915,0.2335,0.3601));
#4827=CARTESIAN_POINT('',(0.,0.2335,0.5));
#4828=CARTESIAN_POINT('',(0.53125,0.2335,0.5));
#4829=CARTESIAN_POINT('',(0.,0.2335,0.355));
#4830=CARTESIAN_POINT('',(5.33230145232476E-34,0.2335,0.1775));
#4831=CARTESIAN_POINT('',(1.87467290357366,0.2335,0.355));
#4832=CARTESIAN_POINT('',(0.,0.2335,0.355));
#4833=CARTESIAN_POINT('Origin',(2.02559588652482,0.2335,0.125));
#4834=CARTESIAN_POINT('Origin',(0.,0.3745,0.355));
#4835=CARTESIAN_POINT('',(1.87467290357366,0.3745,0.355));
#4836=CARTESIAN_POINT('',(1.87467290357366,0.,0.355));
#4837=CARTESIAN_POINT('',(0.,0.3745,0.355));
#4838=CARTESIAN_POINT('',(2.85398018845519E-33,1.24975,0.355));
#4839=CARTESIAN_POINT('',(0.,0.3745,0.355));
#4840=CARTESIAN_POINT('Origin',(0.,0.3745,0.));
#4841=CARTESIAN_POINT('',(1.7505,0.3745,0.125));
#4842=CARTESIAN_POINT('',(1.7505,0.3745,0.));
#4843=CARTESIAN_POINT('',(1.7505,0.3745,0.));
#4844=CARTESIAN_POINT('Origin',(2.02559588652482,0.3745,0.125));
#4845=CARTESIAN_POINT('',(0.,0.3745,0.));
#4846=CARTESIAN_POINT('',(8.55223509163006E-34,0.3745,0.));
#4847=CARTESIAN_POINT('',(0.53125,0.3745,0.));
#4848=CARTESIAN_POINT('Origin',(4.85273686774737E-33,2.125,0.));
#4849=CARTESIAN_POINT('',(4.85273686774737E-33,2.125,0.5));
#4850=CARTESIAN_POINT('',(4.85273686774737E-33,2.125,0.5));
#4851=CARTESIAN_POINT('',(4.85273686774737E-33,2.125,0.));
#4852=CARTESIAN_POINT('',(4.85273686774737E-33,2.125,0.));
#4853=CARTESIAN_POINT('',(4.85273686774737E-33,2.125,0.));
#4854=CARTESIAN_POINT('Origin',(1.0625,1.0625,0.5));
#4855=CARTESIAN_POINT('',(1.8915,2.125,0.5));
#4856=CARTESIAN_POINT('',(1.8915,0.53125,0.5));
#4857=CARTESIAN_POINT('',(2.125,2.125,0.5));
#4858=CARTESIAN_POINT('Origin',(1.8915,-8.63901344502978E-33,0.3652));
#4859=CARTESIAN_POINT('',(1.8915,2.125,0.3652));
#4860=CARTESIAN_POINT('',(1.8915,-8.63901344502978E-33,0.3652));
#4861=CARTESIAN_POINT('',(1.8915,2.125,0.1826));
#4862=CARTESIAN_POINT('Origin',(2.02559588652482,-9.25146714136133E-33,
0.125));
#4863=CARTESIAN_POINT('',(1.7505,2.125,0.125));
#4864=CARTESIAN_POINT('',(1.7505,-7.99502671716872E-33,0.125));
#4865=CARTESIAN_POINT('Origin',(2.02559588652482,2.125,0.125));
#4866=CARTESIAN_POINT('Origin',(1.7505,-7.99502671716872E-33,0.));
#4867=CARTESIAN_POINT('',(1.7505,2.125,0.));
#4868=CARTESIAN_POINT('',(1.7505,0.53125,0.));
#4869=CARTESIAN_POINT('',(1.7505,2.125,0.));
#4870=CARTESIAN_POINT('Origin',(2.125,2.125,0.));
#4871=CARTESIAN_POINT('',(2.125,2.125,0.));
#4872=CARTESIAN_POINT('Origin',(1.0625,1.0625,0.));
#4873=CARTESIAN_POINT('',(0.,0.,0.));
#4874=CARTESIAN_POINT('Origin',(0.9,0.395,0.));
#4875=CARTESIAN_POINT('',(0.5,0.395,0.));
#4876=CARTESIAN_POINT('',(0.9,0.395,0.));
#4877=CARTESIAN_POINT('',(0.98125,0.395,0.));
#4878=CARTESIAN_POINT('',(0.5,0.395,-0.24));
#4879=CARTESIAN_POINT('',(0.5,0.395,0.));
#4880=CARTESIAN_POINT('',(0.9,0.395,-0.24));
#4881=CARTESIAN_POINT('',(0.9,0.395,-0.24));
#4882=CARTESIAN_POINT('',(0.9,0.395,0.));
#4883=CARTESIAN_POINT('Origin',(0.9,2.125,0.));
#4884=CARTESIAN_POINT('',(0.9,2.125,0.));
#4885=CARTESIAN_POINT('',(0.9,1.59375,0.));
#4886=CARTESIAN_POINT('',(0.9,2.125,-0.24));
#4887=CARTESIAN_POINT('',(0.9,2.125,-0.24));
#4888=CARTESIAN_POINT('',(0.9,2.125,0.));
#4889=CARTESIAN_POINT('Origin',(0.5,0.395,0.));
#4890=CARTESIAN_POINT('',(0.5,2.125,0.));
#4891=CARTESIAN_POINT('',(0.5,0.72875,0.));
#4892=CARTESIAN_POINT('',(0.5,2.125,-0.24));
#4893=CARTESIAN_POINT('',(0.5,2.125,0.));
#4894=CARTESIAN_POINT('',(0.5,0.395,-0.24));
#4895=CARTESIAN_POINT('Origin',(0.7,1.26,-0.24));
#4896=CARTESIAN_POINT('',(0.5,2.125,-0.24));
#4897=CARTESIAN_POINT('Origin',(1.3915,1.245,0.25));
#4898=CARTESIAN_POINT('',(1.303,1.245,0.375));
#4899=CARTESIAN_POINT('Origin',(1.3915,1.245,0.375));
#4900=CARTESIAN_POINT('',(1.303,1.245,0.));
#4901=CARTESIAN_POINT('',(1.303,1.245,0.25));
#4902=CARTESIAN_POINT('Origin',(1.3915,1.245,0.));
#4903=CARTESIAN_POINT('Origin',(1.3915,1.45515549798502,0.5));
#4904=CARTESIAN_POINT('',(1.3915,1.45515549798502,0.5));
#4905=CARTESIAN_POINT('',(1.5735,1.35007774899251,0.5));
#4906=CARTESIAN_POINT('',(1.35313740904766,1.47730415019817,0.5));
#4907=CARTESIAN_POINT('',(1.3915,1.45515549798502,0.375));
#4908=CARTESIAN_POINT('',(1.3915,1.45515549798502,0.5));
#4909=CARTESIAN_POINT('',(1.5735,1.35007774899251,0.375));
#4910=CARTESIAN_POINT('',(1.5735,1.35007774899251,0.375));
#4911=CARTESIAN_POINT('',(1.5735,1.35007774899251,0.5));
#4912=CARTESIAN_POINT('Origin',(1.2095,1.35007774899251,0.5));
#4913=CARTESIAN_POINT('',(1.2095,1.35007774899251,0.5));
#4914=CARTESIAN_POINT('',(1.09211259095233,1.28230409677937,0.5));
#4915=CARTESIAN_POINT('',(1.2095,1.35007774899251,0.375));
#4916=CARTESIAN_POINT('',(1.2095,1.35007774899251,0.5));
#4917=CARTESIAN_POINT('',(1.3915,1.45515549798502,0.375));
#4918=CARTESIAN_POINT('Origin',(1.2095,1.13992225100749,0.5));
#4919=CARTESIAN_POINT('',(1.2095,1.13992225100749,0.5));
#4920=CARTESIAN_POINT('',(1.2095,1.10121112550374,0.5));
#4921=CARTESIAN_POINT('',(1.2095,1.13992225100749,0.375));
#4922=CARTESIAN_POINT('',(1.2095,1.13992225100749,0.5));
#4923=CARTESIAN_POINT('',(1.2095,1.35007774899251,0.375));
#4924=CARTESIAN_POINT('Origin',(1.3915,1.03484450201498,0.5));
#4925=CARTESIAN_POINT('',(1.3915,1.03484450201498,0.5));
#4926=CARTESIAN_POINT('',(1.26213740904766,1.10953202872437,0.5));
#4927=CARTESIAN_POINT('',(1.3915,1.03484450201498,0.375));
#4928=CARTESIAN_POINT('',(1.3915,1.03484450201498,0.5));
#4929=CARTESIAN_POINT('',(1.2095,1.13992225100749,0.375));
#4930=CARTESIAN_POINT('Origin',(1.5735,1.13992225100749,0.5));
#4931=CARTESIAN_POINT('',(1.5735,1.13992225100749,0.5));
#4932=CARTESIAN_POINT('',(1.36511259095233,1.01960972429809,0.5));
#4933=CARTESIAN_POINT('',(1.5735,1.13992225100749,0.375));
#4934=CARTESIAN_POINT('',(1.5735,1.13992225100749,0.5));
#4935=CARTESIAN_POINT('',(1.3915,1.03484450201498,0.375));
#4936=CARTESIAN_POINT('Origin',(1.5735,1.35007774899251,0.5));
#4937=CARTESIAN_POINT('',(1.5735,1.20628887449626,0.5));
#4938=CARTESIAN_POINT('',(1.5735,1.13992225100749,0.375));
#4939=CARTESIAN_POINT('Origin',(1.3915,1.245,0.375));
#4940=CARTESIAN_POINT('Origin',(1.8915,2.125,0.5));
#4941=CARTESIAN_POINT('',(1.8915,0.250327096426344,0.355));
#4942=CARTESIAN_POINT('',(1.8915,0.2335,0.3652));
#4943=CARTESIAN_POINT('Origin',(1.8915,0.0994041134751774,0.125));
#4944=CARTESIAN_POINT('',(1.8915,2.125,0.355));
#4945=CARTESIAN_POINT('',(1.8915,2.125,0.355));
#4946=CARTESIAN_POINT('',(1.8915,2.125,0.5));
#4947=CARTESIAN_POINT('',(1.8915,2.125,0.25));
#4948=CARTESIAN_POINT('',(1.8915,0.2335,0.5));
#4949=CARTESIAN_POINT('',(1.8915,1.59375,0.5));
#4950=CARTESIAN_POINT('',(1.8915,0.2335,0.5));
#4951=CARTESIAN_POINT('Origin',(1.7505,2.125,0.355));
#4952=CARTESIAN_POINT('',(1.7505,0.3745,0.125));
#4953=CARTESIAN_POINT('',(1.7505,0.250327096426344,0.355));
#4954=CARTESIAN_POINT('Origin',(1.7505,0.0994041134751774,0.125));
#4955=CARTESIAN_POINT('',(1.7505,0.3745,0.));
#4956=CARTESIAN_POINT('',(1.7505,0.3745,0.24));
#4957=CARTESIAN_POINT('',(1.7505,2.125,0.));
#4958=CARTESIAN_POINT('',(1.7505,1.59375,0.));
#4959=CARTESIAN_POINT('',(1.7505,2.125,0.355));
#4960=CARTESIAN_POINT('',(1.7505,2.125,0.1775));
#4961=CARTESIAN_POINT('',(1.7505,2.125,0.355));
#4962=CARTESIAN_POINT('Origin',(1.8915,2.125,0.355));
#4963=CARTESIAN_POINT('',(2.125,0.250327096426344,0.355));
#4964=CARTESIAN_POINT('',(2.00825,2.125,0.355));
#4965=CARTESIAN_POINT('Origin',(2.125,0.2335,0.5));
#4966=CARTESIAN_POINT('',(0.,0.2335,0.5));
#4967=CARTESIAN_POINT('',(1.59375,0.2335,0.5));
#4968=CARTESIAN_POINT('',(0.,0.2335,0.3652));
#4969=CARTESIAN_POINT('',(0.,0.2335,0.25));
#4970=CARTESIAN_POINT('',(2.125,0.2335,0.3652));
#4971=CARTESIAN_POINT('Origin',(2.125,2.125,0.));
#4972=CARTESIAN_POINT('',(2.125,2.125,0.));
#4973=CARTESIAN_POINT('',(-2.42636843387368E-33,2.125,0.));
#4974=CARTESIAN_POINT('',(2.125,2.125,0.));
#4975=CARTESIAN_POINT('',(-2.42636843387368E-33,2.125,0.5));
#4976=CARTESIAN_POINT('',(-2.42636843387368E-33,2.125,0.));
#4977=CARTESIAN_POINT('',(2.125,2.125,0.5));
#4978=CARTESIAN_POINT('Origin',(1.0625,1.0625,0.));
#4979=CARTESIAN_POINT('',(0.,0.3745,0.));
#4980=CARTESIAN_POINT('',(1.59375,0.3745,0.));
#4981=CARTESIAN_POINT('',(-2.42636843387368E-33,2.125,0.));
#4982=CARTESIAN_POINT('Origin',(2.125,0.3745,0.125));
#4983=CARTESIAN_POINT('',(0.,0.3745,0.125));
#4984=CARTESIAN_POINT('',(2.125,0.3745,0.125));
#4985=CARTESIAN_POINT('',(0.,0.3745,0.0625));
#4986=CARTESIAN_POINT('Origin',(2.125,0.0994041134751774,0.125));
#4987=CARTESIAN_POINT('Origin',(0.,0.0994041134751774,0.125));
#4988=CARTESIAN_POINT('Origin',(-2.42636843387368E-33,2.125,0.));
#4989=CARTESIAN_POINT('',(-2.42636843387368E-33,2.125,0.5));
#4990=CARTESIAN_POINT('Origin',(1.0625,1.0625,0.5));
#4991=CARTESIAN_POINT('',(1.84022717114327,2.3890491944015,0.));
#4992=CARTESIAN_POINT('',(-0.284772828856738,4.51404919440149,0.));
#4993=CARTESIAN_POINT('Origin',(-0.875,-1.375,0.212));
#4994=CARTESIAN_POINT('',(-0.725,-1.375,0.212));
#4995=CARTESIAN_POINT('Origin',(-0.875,-1.375,0.212));
#4996=CARTESIAN_POINT('',(-0.793,-1.375,0.212));
#4997=CARTESIAN_POINT('Origin',(-0.875,-1.375,0.212));
#4998=CARTESIAN_POINT('Origin',(-0.875,-1.375,0.106));
#4999=CARTESIAN_POINT('',(-0.725,-1.375,0.));
#5000=CARTESIAN_POINT('Origin',(-0.875,-1.375,0.));
#5001=CARTESIAN_POINT('',(-0.725,-1.375,0.106));
#5002=CARTESIAN_POINT('Origin',(-0.875,-1.375,0.25));
#5003=CARTESIAN_POINT('',(-0.793,-1.375,0.5));
#5004=CARTESIAN_POINT('',(-0.793,-1.375,0.25));
#5005=CARTESIAN_POINT('Origin',(-0.875,-1.375,0.5));
#5006=CARTESIAN_POINT('Origin',(-1.5,-2.75,0.25));
#5007=CARTESIAN_POINT('',(-1.59842519685039,-2.75,0.5));
#5008=CARTESIAN_POINT('Origin',(-1.5,-2.75,0.5));
#5009=CARTESIAN_POINT('',(-1.59842519685039,-2.75,0.));
#5010=CARTESIAN_POINT('',(-1.59842519685039,-2.75,0.25));
#5011=CARTESIAN_POINT('Origin',(-1.5,-2.75,0.));
#5012=CARTESIAN_POINT('Origin',(-2.75,-1.5,0.25));
#5013=CARTESIAN_POINT('',(-2.84842519685039,-1.5,0.5));
#5014=CARTESIAN_POINT('Origin',(-2.75,-1.5,0.5));
#5015=CARTESIAN_POINT('',(-2.84842519685039,-1.5,0.));
#5016=CARTESIAN_POINT('',(-2.84842519685039,-1.5,0.25));
#5017=CARTESIAN_POINT('Origin',(-2.75,-1.5,0.));
#5018=CARTESIAN_POINT('Origin',(-0.375,-3.875,0.25));
#5019=CARTESIAN_POINT('',(-0.493110236220472,-3.875,0.5));
#5020=CARTESIAN_POINT('Origin',(-0.375,-3.875,0.5));
#5021=CARTESIAN_POINT('',(-0.493110236220472,-3.875,0.));
#5022=CARTESIAN_POINT('',(-0.493110236220472,-3.875,0.25));
#5023=CARTESIAN_POINT('Origin',(-0.375,-3.875,0.));
#5024=CARTESIAN_POINT('Origin',(-3.875,-0.375,0.25));
#5025=CARTESIAN_POINT('',(-3.99311023622047,-0.375,0.5));
#5026=CARTESIAN_POINT('Origin',(-3.875,-0.375,0.5));
#5027=CARTESIAN_POINT('',(-3.99311023622047,-0.375,0.));
#5028=CARTESIAN_POINT('',(-3.99311023622047,-0.375,0.25));
#5029=CARTESIAN_POINT('Origin',(-3.875,-0.375,0.));
#5030=CARTESIAN_POINT('Origin',(-1.28638040039984,-3.875,0.));
#5031=CARTESIAN_POINT('',(-1.28638040039984,-3.875,0.));
#5032=CARTESIAN_POINT('',(-1.39319020019992,-3.69,0.));
#5033=CARTESIAN_POINT('',(-1.77009396450555,-3.03718353065868,0.));
#5034=CARTESIAN_POINT('',(-1.28638040039984,-3.875,0.125));
#5035=CARTESIAN_POINT('',(-1.28638040039984,-3.875,0.));
#5036=CARTESIAN_POINT('',(-1.39319020019992,-3.69,0.125));
#5037=CARTESIAN_POINT('',(-1.28638040039984,-3.875,0.125));
#5038=CARTESIAN_POINT('',(-1.39319020019992,-3.69,0.));
#5039=CARTESIAN_POINT('Origin',(-1.39319020019992,-4.06,0.));
#5040=CARTESIAN_POINT('',(-1.39319020019992,-4.06,0.));
#5041=CARTESIAN_POINT('',(-1.06572663609421,-3.49281646934132,0.));
#5042=CARTESIAN_POINT('',(-1.39319020019992,-4.06,0.125));
#5043=CARTESIAN_POINT('',(-1.39319020019992,-4.06,0.));
#5044=CARTESIAN_POINT('',(-1.39319020019992,-4.06,0.125));
#5045=CARTESIAN_POINT('Origin',(-1.60680979980008,-4.06,0.));
#5046=CARTESIAN_POINT('',(-1.60680979980008,-4.06,0.));
#5047=CARTESIAN_POINT('',(-1.86590489990004,-4.06,0.));
#5048=CARTESIAN_POINT('',(-1.60680979980008,-4.06,0.125));
#5049=CARTESIAN_POINT('',(-1.60680979980008,-4.06,0.));
#5050=CARTESIAN_POINT('',(-1.60680979980008,-4.06,0.125));
#5051=CARTESIAN_POINT('Origin',(-1.71361959960016,-3.875,0.));
#5052=CARTESIAN_POINT('',(-1.71361959960016,-3.875,0.));
#5053=CARTESIAN_POINT('',(-2.14392826380583,-3.12968353065868,0.));
#5054=CARTESIAN_POINT('',(-1.71361959960016,-3.875,0.125));
#5055=CARTESIAN_POINT('',(-1.71361959960016,-3.875,0.));
#5056=CARTESIAN_POINT('',(-1.71361959960016,-3.875,0.125));
#5057=CARTESIAN_POINT('Origin',(-1.60680979980008,-3.69,0.));
#5058=CARTESIAN_POINT('',(-1.60680979980008,-3.69,0.));
#5059=CARTESIAN_POINT('',(-1.33275113559441,-3.21531646934132,0.));
#5060=CARTESIAN_POINT('',(-1.60680979980008,-3.69,0.125));
#5061=CARTESIAN_POINT('',(-1.60680979980008,-3.69,0.));
#5062=CARTESIAN_POINT('',(-1.60680979980008,-3.69,0.125));
#5063=CARTESIAN_POINT('Origin',(-1.39319020019992,-3.69,0.));
#5064=CARTESIAN_POINT('',(-1.75909510009996,-3.69,0.));
#5065=CARTESIAN_POINT('',(-1.39319020019992,-3.69,0.125));
#5066=CARTESIAN_POINT('Origin',(-1.5,-3.875,0.125));
#5067=CARTESIAN_POINT('',(-1.582,-3.875,0.125));
#5068=CARTESIAN_POINT('Origin',(-1.5,-3.875,0.125));
#5069=CARTESIAN_POINT('Origin',(-0.268190200199919,-2.935,0.));
#5070=CARTESIAN_POINT('',(-0.268190200199919,-2.935,0.));
#5071=CARTESIAN_POINT('',(-0.161380400399838,-2.75,0.));
#5072=CARTESIAN_POINT('',(-0.324921280908583,-3.0332611141557,0.));
#5073=CARTESIAN_POINT('',(-0.268190200199919,-2.935,0.125));
#5074=CARTESIAN_POINT('',(-0.268190200199919,-2.935,0.));
#5075=CARTESIAN_POINT('',(-0.161380400399838,-2.75,0.125));
#5076=CARTESIAN_POINT('',(-0.268190200199919,-2.935,0.125));
#5077=CARTESIAN_POINT('',(-0.161380400399838,-2.75,0.));
#5078=CARTESIAN_POINT('Origin',(-0.481809799800081,-2.935,0.));
#5079=CARTESIAN_POINT('',(-0.481809799800081,-2.935,0.));
#5080=CARTESIAN_POINT('',(-1.30340489990004,-2.935,0.));
#5081=CARTESIAN_POINT('',(-0.481809799800081,-2.935,0.125));
#5082=CARTESIAN_POINT('',(-0.481809799800081,-2.935,0.));
#5083=CARTESIAN_POINT('',(-0.481809799800081,-2.935,0.125));
#5084=CARTESIAN_POINT('Origin',(-0.588619599600161,-2.75,0.));
#5085=CARTESIAN_POINT('',(-0.588619599600161,-2.75,0.));
#5086=CARTESIAN_POINT('',(-0.915983618991458,-2.18298888584431,0.));
#5087=CARTESIAN_POINT('',(-0.588619599600161,-2.75,0.125));
#5088=CARTESIAN_POINT('',(-0.588619599600161,-2.75,0.));
#5089=CARTESIAN_POINT('',(-0.588619599600161,-2.75,0.125));
#5090=CARTESIAN_POINT('Origin',(-0.481809799800081,-2.565,0.));
#5091=CARTESIAN_POINT('',(-0.481809799800081,-2.565,0.));
#5092=CARTESIAN_POINT('',(-0.591945780408783,-2.75576111415569,0.));
#5093=CARTESIAN_POINT('',(-0.481809799800081,-2.565,0.125));
#5094=CARTESIAN_POINT('',(-0.481809799800081,-2.565,0.));
#5095=CARTESIAN_POINT('',(-0.481809799800081,-2.565,0.125));
#5096=CARTESIAN_POINT('Origin',(-0.268190200199919,-2.565,0.));
#5097=CARTESIAN_POINT('',(-0.268190200199919,-2.565,0.));
#5098=CARTESIAN_POINT('',(-1.19659510009996,-2.565,0.));
#5099=CARTESIAN_POINT('',(-0.268190200199919,-2.565,0.125));
#5100=CARTESIAN_POINT('',(-0.268190200199919,-2.565,0.));
#5101=CARTESIAN_POINT('',(-0.268190200199919,-2.565,0.125));
#5102=CARTESIAN_POINT('Origin',(-0.161380400399838,-2.75,0.));
#5103=CARTESIAN_POINT('',(-0.542149319691179,-2.09048888584431,0.));
#5104=CARTESIAN_POINT('',(-0.161380400399838,-2.75,0.125));
#5105=CARTESIAN_POINT('Origin',(-0.374999999999999,-2.75,0.125));
#5106=CARTESIAN_POINT('',(-0.457,-2.75,0.125));
#5107=CARTESIAN_POINT('Origin',(-0.375,-2.75,0.125));
#5108=CARTESIAN_POINT('Origin',(-3.76819020019992,-1.315,0.));
#5109=CARTESIAN_POINT('',(-3.76819020019992,-1.315,0.));
#5110=CARTESIAN_POINT('',(-3.98180979980008,-1.315,0.));
#5111=CARTESIAN_POINT('',(-2.94659510009996,-1.31500000000001,0.));
#5112=CARTESIAN_POINT('',(-3.76819020019992,-1.315,0.125));
#5113=CARTESIAN_POINT('',(-3.76819020019992,-1.315,0.));
#5114=CARTESIAN_POINT('',(-3.98180979980008,-1.315,0.125));
#5115=CARTESIAN_POINT('',(-3.76819020019992,-1.315,0.125));
#5116=CARTESIAN_POINT('',(-3.98180979980008,-1.315,0.));
#5117=CARTESIAN_POINT('Origin',(-3.66138040039984,-1.5,0.));
#5118=CARTESIAN_POINT('',(-3.66138040039984,-1.5,0.));
#5119=CARTESIAN_POINT('',(-3.33401638100853,-2.06701111415569,0.));
#5120=CARTESIAN_POINT('',(-3.66138040039984,-1.5,0.125));
#5121=CARTESIAN_POINT('',(-3.66138040039984,-1.5,0.));
#5122=CARTESIAN_POINT('',(-3.66138040039984,-1.5,0.125));
#5123=CARTESIAN_POINT('Origin',(-3.76819020019992,-1.685,0.));
#5124=CARTESIAN_POINT('',(-3.76819020019992,-1.685,0.));
#5125=CARTESIAN_POINT('',(-3.65805421959122,-1.49423888584431,0.));
#5126=CARTESIAN_POINT('',(-3.76819020019992,-1.685,0.125));
#5127=CARTESIAN_POINT('',(-3.76819020019992,-1.685,0.));
#5128=CARTESIAN_POINT('',(-3.76819020019992,-1.685,0.125));
#5129=CARTESIAN_POINT('Origin',(-3.98180979980008,-1.685,0.));
#5130=CARTESIAN_POINT('',(-3.98180979980008,-1.685,0.));
#5131=CARTESIAN_POINT('',(-3.05340489990004,-1.68500000000001,0.));
#5132=CARTESIAN_POINT('',(-3.98180979980008,-1.685,0.125));
#5133=CARTESIAN_POINT('',(-3.98180979980008,-1.685,0.));
#5134=CARTESIAN_POINT('',(-3.98180979980008,-1.685,0.125));
#5135=CARTESIAN_POINT('Origin',(-4.08861959960016,-1.5,0.));
#5136=CARTESIAN_POINT('',(-4.08861959960016,-1.5,0.));
#5137=CARTESIAN_POINT('',(-3.70785068030883,-2.15951111415569,0.));
#5138=CARTESIAN_POINT('',(-4.08861959960016,-1.5,0.125));
#5139=CARTESIAN_POINT('',(-4.08861959960016,-1.5,0.));
#5140=CARTESIAN_POINT('',(-4.08861959960016,-1.5,0.125));
#5141=CARTESIAN_POINT('Origin',(-3.98180979980008,-1.315,0.));
#5142=CARTESIAN_POINT('',(-3.92507871909142,-1.2167388858443,0.));
#5143=CARTESIAN_POINT('',(-3.98180979980008,-1.315,0.125));
#5144=CARTESIAN_POINT('Origin',(-3.875,-1.5,0.125));
#5145=CARTESIAN_POINT('',(-3.957,-1.5,0.125));
#5146=CARTESIAN_POINT('Origin',(-3.875,-1.5,0.125));
#5147=CARTESIAN_POINT('Origin',(-2.85680979980008,-0.19,0.));
#5148=CARTESIAN_POINT('',(-2.85680979980008,-0.19,0.));
#5149=CARTESIAN_POINT('',(-2.96361959960016,-0.375,0.));
#5150=CARTESIAN_POINT('',(-3.18427336390579,-0.757183530658683,0.));
#5151=CARTESIAN_POINT('',(-2.85680979980008,-0.19,0.125));
#5152=CARTESIAN_POINT('',(-2.85680979980008,-0.19,0.));
#5153=CARTESIAN_POINT('',(-2.96361959960016,-0.375,0.125));
#5154=CARTESIAN_POINT('',(-2.85680979980008,-0.19,0.125));
#5155=CARTESIAN_POINT('',(-2.96361959960016,-0.375,0.));
#5156=CARTESIAN_POINT('Origin',(-2.64319020019992,-0.19,0.));
#5157=CARTESIAN_POINT('',(-2.64319020019992,-0.19,0.));
#5158=CARTESIAN_POINT('',(-2.38409510009996,-0.19,0.));
#5159=CARTESIAN_POINT('',(-2.64319020019992,-0.19,0.125));
#5160=CARTESIAN_POINT('',(-2.64319020019992,-0.19,0.));
#5161=CARTESIAN_POINT('',(-2.64319020019992,-0.19,0.125));
#5162=CARTESIAN_POINT('Origin',(-2.53638040039984,-0.375,0.));
#5163=CARTESIAN_POINT('',(-2.53638040039984,-0.375,0.));
#5164=CARTESIAN_POINT('',(-2.10607173619417,-1.12031646934132,0.));
#5165=CARTESIAN_POINT('',(-2.53638040039984,-0.375,0.125));
#5166=CARTESIAN_POINT('',(-2.53638040039984,-0.375,0.));
#5167=CARTESIAN_POINT('',(-2.53638040039984,-0.375,0.125));
#5168=CARTESIAN_POINT('Origin',(-2.64319020019992,-0.56,0.));
#5169=CARTESIAN_POINT('',(-2.64319020019992,-0.56,0.));
#5170=CARTESIAN_POINT('',(-2.91724886440559,-1.03468353065868,0.));
#5171=CARTESIAN_POINT('',(-2.64319020019992,-0.56,0.125));
#5172=CARTESIAN_POINT('',(-2.64319020019992,-0.56,0.));
#5173=CARTESIAN_POINT('',(-2.64319020019992,-0.56,0.125));
#5174=CARTESIAN_POINT('Origin',(-2.85680979980008,-0.56,0.));
#5175=CARTESIAN_POINT('',(-2.85680979980008,-0.56,0.));
#5176=CARTESIAN_POINT('',(-2.49090489990004,-0.560000000000001,0.));
#5177=CARTESIAN_POINT('',(-2.85680979980008,-0.56,0.125));
#5178=CARTESIAN_POINT('',(-2.85680979980008,-0.56,0.));
#5179=CARTESIAN_POINT('',(-2.85680979980008,-0.56,0.125));
#5180=CARTESIAN_POINT('Origin',(-2.96361959960016,-0.375,0.));
#5181=CARTESIAN_POINT('',(-2.47990603549445,-1.21281646934132,0.));
#5182=CARTESIAN_POINT('',(-2.96361959960016,-0.375,0.125));
#5183=CARTESIAN_POINT('Origin',(-2.75,-0.375,0.125));
#5184=CARTESIAN_POINT('',(-2.832,-0.375,0.125));
#5185=CARTESIAN_POINT('Origin',(-2.75,-0.375,0.125));
#5186=CARTESIAN_POINT('Origin',(-1.5,-3.875,0.25));
#5187=CARTESIAN_POINT('',(-1.582,-3.875,0.5));
#5188=CARTESIAN_POINT('Origin',(-1.5,-3.875,0.5));
#5189=CARTESIAN_POINT('',(-1.582,-3.875,0.25));
#5190=CARTESIAN_POINT('Origin',(-3.875,-1.5,0.25));
#5191=CARTESIAN_POINT('',(-3.957,-1.5,0.5));
#5192=CARTESIAN_POINT('Origin',(-3.875,-1.5,0.5));
#5193=CARTESIAN_POINT('',(-3.957,-1.5,0.25));
#5194=CARTESIAN_POINT('Origin',(-2.75,-0.375,0.25));
#5195=CARTESIAN_POINT('',(-2.832,-0.375,0.5));
#5196=CARTESIAN_POINT('Origin',(-2.75,-0.375,0.5));
#5197=CARTESIAN_POINT('',(-2.832,-0.375,0.25));
#5198=CARTESIAN_POINT('Origin',(-0.375,-2.75,0.25));
#5199=CARTESIAN_POINT('',(-0.457,-2.75,0.5));
#5200=CARTESIAN_POINT('Origin',(-0.375,-2.75,0.5));
#5201=CARTESIAN_POINT('',(-0.457,-2.75,0.25));
#5202=CARTESIAN_POINT('Origin',(-2.594,-3.844,0.5));
#5203=CARTESIAN_POINT('',(-2.594,-3.844,0.5));
#5204=CARTESIAN_POINT('',(-3.844,-3.844,0.5));
#5205=CARTESIAN_POINT('',(-2.3595,-3.844,0.5));
#5206=CARTESIAN_POINT('',(-2.594,-3.844,0.25));
#5207=CARTESIAN_POINT('',(-2.594,-3.844,0.5));
#5208=CARTESIAN_POINT('',(-3.844,-3.844,0.25));
#5209=CARTESIAN_POINT('',(-3.844,-3.844,0.25));
#5210=CARTESIAN_POINT('',(-3.844,-3.844,0.5));
#5211=CARTESIAN_POINT('Origin',(-2.594,-2.594,0.5));
#5212=CARTESIAN_POINT('',(-2.594,-2.594,0.5));
#5213=CARTESIAN_POINT('',(-2.594,-2.3595,0.5));
#5214=CARTESIAN_POINT('',(-2.594,-2.594,0.25));
#5215=CARTESIAN_POINT('',(-2.594,-2.594,0.5));
#5216=CARTESIAN_POINT('',(-2.594,-3.844,0.25));
#5217=CARTESIAN_POINT('Origin',(-3.844,-2.594,0.5));
#5218=CARTESIAN_POINT('',(-3.844,-2.594,0.5));
#5219=CARTESIAN_POINT('',(-2.9845,-2.594,0.5));
#5220=CARTESIAN_POINT('',(-3.844,-2.594,0.25));
#5221=CARTESIAN_POINT('',(-3.844,-2.594,0.5));
#5222=CARTESIAN_POINT('',(-2.594,-2.594,0.25));
#5223=CARTESIAN_POINT('Origin',(-3.844,-3.844,0.5));
#5224=CARTESIAN_POINT('',(-3.844,-2.9845,0.5));
#5225=CARTESIAN_POINT('',(-3.844,-2.594,0.25));
#5226=CARTESIAN_POINT('Origin',(-3.219,-3.219,0.25));
#5227=CARTESIAN_POINT('Origin',(-1.75,-0.500000015957149,0.5));
#5228=CARTESIAN_POINT('',(-1.75,-0.500000015957149,0.5));
#5229=CARTESIAN_POINT('',(0.,-0.500000015957149,0.5));
#5230=CARTESIAN_POINT('',(-1.9375,-0.500000015957149,0.5));
#5231=CARTESIAN_POINT('',(-1.75,-0.500000015957149,0.25));
#5232=CARTESIAN_POINT('',(-1.75,-0.500000015957149,0.5));
#5233=CARTESIAN_POINT('',(0.,-0.500000015957149,0.25));
#5234=CARTESIAN_POINT('',(0.,-0.500000015957149,0.25));
#5235=CARTESIAN_POINT('',(0.,-0.500000015957149,0.25));
#5236=CARTESIAN_POINT('Origin',(-1.75,-1.00000001595715,0.5));
#5237=CARTESIAN_POINT('',(-1.75,-1.00000001595715,0.5));
#5238=CARTESIAN_POINT('',(-1.75,-1.56250000797857,0.5));
#5239=CARTESIAN_POINT('',(-1.75,-1.00000001595715,0.25));
#5240=CARTESIAN_POINT('',(-1.75,-1.00000001595715,0.5));
#5241=CARTESIAN_POINT('',(-1.75,-0.500000015957149,0.25));
#5242=CARTESIAN_POINT('Origin',(0.,-1.00000001595715,0.5));
#5243=CARTESIAN_POINT('',(0.,-1.00000001595715,0.5));
#5244=CARTESIAN_POINT('',(-1.0625,-1.00000001595715,0.5));
#5245=CARTESIAN_POINT('',(0.,-1.00000001595715,0.25));
#5246=CARTESIAN_POINT('',(0.,-1.00000001595715,0.25));
#5247=CARTESIAN_POINT('',(-1.75,-1.00000001595715,0.25));
#5248=CARTESIAN_POINT('Origin',(-0.875,-0.750000015957149,0.25));
#5249=CARTESIAN_POINT('',(0.,-2.50000000797857,0.25));
#5250=CARTESIAN_POINT('Origin',(0.,-4.25,0.));
#5251=CARTESIAN_POINT('',(0.,-4.25,0.5));
#5252=CARTESIAN_POINT('',(0.,-4.25,0.5));
#5253=CARTESIAN_POINT('',(0.,-4.25,0.));
#5254=CARTESIAN_POINT('',(0.,-4.25,0.));
#5255=CARTESIAN_POINT('',(0.,0.,0.));
#5256=CARTESIAN_POINT('',(0.,-4.25,0.));
#5257=CARTESIAN_POINT('',(0.,0.,0.5));
#5258=CARTESIAN_POINT('',(0.,0.,0.));
#5259=CARTESIAN_POINT('',(0.,-4.25,0.5));
#5260=CARTESIAN_POINT('Origin',(-4.25,-4.25,0.));
#5261=CARTESIAN_POINT('',(-4.25,-4.25,0.));
#5262=CARTESIAN_POINT('',(-4.25,-4.25,0.));
#5263=CARTESIAN_POINT('',(-4.25,-4.25,0.5));
#5264=CARTESIAN_POINT('',(-4.25,-4.25,0.5));
#5265=CARTESIAN_POINT('',(-4.25,-4.25,0.));
#5266=CARTESIAN_POINT('Origin',(-4.25,0.,0.));
#5267=CARTESIAN_POINT('',(-4.25,0.,0.));
#5268=CARTESIAN_POINT('',(-4.25,0.,0.));
#5269=CARTESIAN_POINT('',(-4.25,0.,0.5));
#5270=CARTESIAN_POINT('',(-4.25,0.,0.5));
#5271=CARTESIAN_POINT('',(-4.25,0.,0.));
#5272=CARTESIAN_POINT('Origin',(0.,0.,0.));
#5273=CARTESIAN_POINT('',(0.,0.,0.));
#5274=CARTESIAN_POINT('',(0.,0.,0.5));
#5275=CARTESIAN_POINT('Origin',(-2.125,-2.125,0.5));
#5276=CARTESIAN_POINT('Origin',(-2.125,-2.125,0.));
#5277=CARTESIAN_POINT('',(-4.25,-2.125,0.500000000000002));
#5278=CARTESIAN_POINT('',(-1.84022717114328,-4.51404919440149,0.5));
#5279=CARTESIAN_POINT('',(0.,0.,0.));
#5280=CARTESIAN_POINT('Origin',(1.646,0.479,0.));
#5281=CARTESIAN_POINT('',(0.406,0.479,0.));
#5282=CARTESIAN_POINT('',(1.646,0.479,0.));
#5283=CARTESIAN_POINT('',(1.35425,0.479,0.));
#5284=CARTESIAN_POINT('',(0.406,0.479,-0.24));
#5285=CARTESIAN_POINT('',(0.406,0.479,0.));
#5286=CARTESIAN_POINT('',(1.646,0.479,-0.24));
#5287=CARTESIAN_POINT('',(1.646,0.479,-0.24));
#5288=CARTESIAN_POINT('',(1.646,0.479,0.));
#5289=CARTESIAN_POINT('Origin',(1.646,1.719,0.));
#5290=CARTESIAN_POINT('',(1.646,1.719,0.));
#5291=CARTESIAN_POINT('',(1.646,1.39075,0.));
#5292=CARTESIAN_POINT('',(1.646,1.719,-0.24));
#5293=CARTESIAN_POINT('',(1.646,1.719,-0.24));
#5294=CARTESIAN_POINT('',(1.646,1.719,0.));
#5295=CARTESIAN_POINT('Origin',(0.406,1.719,0.));
#5296=CARTESIAN_POINT('',(0.406,1.719,0.));
#5297=CARTESIAN_POINT('',(0.73425,1.719,0.));
#5298=CARTESIAN_POINT('',(0.406,1.719,-0.24));
#5299=CARTESIAN_POINT('',(0.406,1.719,-0.24));
#5300=CARTESIAN_POINT('',(0.406,1.719,0.));
#5301=CARTESIAN_POINT('Origin',(0.406,0.479,0.));
#5302=CARTESIAN_POINT('',(0.406,0.77075,0.));
#5303=CARTESIAN_POINT('',(0.406,0.479,-0.24));
#5304=CARTESIAN_POINT('Origin',(1.026,1.099,-0.24));
#5305=CARTESIAN_POINT('Origin',(1.8915,2.125,0.5));
#5306=CARTESIAN_POINT('',(1.8915,0.250327096426344,0.355));
#5307=CARTESIAN_POINT('',(1.8915,0.2335,0.3652));
#5308=CARTESIAN_POINT('Origin',(1.8915,0.0994041134751773,0.125));
#5309=CARTESIAN_POINT('',(1.8915,2.125,0.355));
#5310=CARTESIAN_POINT('',(1.8915,2.125,0.355));
#5311=CARTESIAN_POINT('',(1.8915,2.125,0.5));
#5312=CARTESIAN_POINT('',(1.8915,2.125,0.25));
#5313=CARTESIAN_POINT('',(1.8915,0.2335,0.5));
#5314=CARTESIAN_POINT('',(1.8915,1.59375,0.5));
#5315=CARTESIAN_POINT('',(1.8915,0.2335,0.5));
#5316=CARTESIAN_POINT('Origin',(1.7505,2.125,0.355));
#5317=CARTESIAN_POINT('',(1.7505,0.3745,0.125));
#5318=CARTESIAN_POINT('',(1.7505,0.250327096426344,0.355));
#5319=CARTESIAN_POINT('Origin',(1.7505,0.0994041134751773,0.125));
#5320=CARTESIAN_POINT('',(1.7505,0.3745,0.));
#5321=CARTESIAN_POINT('',(1.7505,0.3745,0.24));
#5322=CARTESIAN_POINT('',(1.7505,2.125,0.));
#5323=CARTESIAN_POINT('',(1.7505,1.59375,0.));
#5324=CARTESIAN_POINT('',(1.7505,2.125,0.355));
#5325=CARTESIAN_POINT('',(1.7505,2.125,0.1775));
#5326=CARTESIAN_POINT('',(1.7505,2.125,0.355));
#5327=CARTESIAN_POINT('Origin',(1.8915,2.125,0.355));
#5328=CARTESIAN_POINT('',(2.125,0.250327096426344,0.355));
#5329=CARTESIAN_POINT('',(2.00825,2.125,0.355));
#5330=CARTESIAN_POINT('Origin',(2.125,0.2335,0.5));
#5331=CARTESIAN_POINT('',(0.,0.2335,0.5));
#5332=CARTESIAN_POINT('',(1.59375,0.2335,0.5));
#5333=CARTESIAN_POINT('',(0.,0.2335,0.3652));
#5334=CARTESIAN_POINT('',(0.,0.2335,0.25));
#5335=CARTESIAN_POINT('',(2.125,0.2335,0.3652));
#5336=CARTESIAN_POINT('Origin',(2.125,2.125,0.));
#5337=CARTESIAN_POINT('',(4.85273686774737E-33,2.125,0.));
#5338=CARTESIAN_POINT('',(2.125,2.125,0.));
#5339=CARTESIAN_POINT('',(4.85273686774737E-33,2.125,0.5));
#5340=CARTESIAN_POINT('',(4.85273686774737E-33,2.125,0.));
#5341=CARTESIAN_POINT('',(2.125,2.125,0.5));
#5342=CARTESIAN_POINT('Origin',(1.0625,1.0625,0.));
#5343=CARTESIAN_POINT('',(0.,0.3745,0.));
#5344=CARTESIAN_POINT('',(1.59375,0.3745,0.));
#5345=CARTESIAN_POINT('',(4.85273686774737E-33,2.125,0.));
#5346=CARTESIAN_POINT('Origin',(2.125,0.3745,0.125));
#5347=CARTESIAN_POINT('',(0.,0.3745,0.125));
#5348=CARTESIAN_POINT('',(2.125,0.3745,0.125));
#5349=CARTESIAN_POINT('',(0.,0.3745,0.0625));
#5350=CARTESIAN_POINT('Origin',(2.125,0.0994041134751773,0.125));
#5351=CARTESIAN_POINT('Origin',(0.,0.0994041134751773,0.125));
#5352=CARTESIAN_POINT('Origin',(4.85273686774737E-33,2.125,0.));
#5353=CARTESIAN_POINT('',(4.85273686774737E-33,2.125,0.5));
#5354=CARTESIAN_POINT('Origin',(1.0625,1.0625,0.5));
#5355=CARTESIAN_POINT('',(0.,0.,0.));
#5356=CARTESIAN_POINT('Origin',(0.875,0.367,0.633));
#5357=CARTESIAN_POINT('',(0.9635,0.367,0.633));
#5358=CARTESIAN_POINT('Origin',(0.875,0.367,0.633));
#5359=CARTESIAN_POINT('',(0.9575,0.367,0.633));
#5360=CARTESIAN_POINT('Origin',(0.875,0.367,0.633));
#5361=CARTESIAN_POINT('Origin',(0.875,0.367,0.3165));
#5362=CARTESIAN_POINT('',(0.9635,0.367,0.));
#5363=CARTESIAN_POINT('Origin',(0.875,0.367,0.));
#5364=CARTESIAN_POINT('',(0.9635,0.367,0.3165));
#5365=CARTESIAN_POINT('Origin',(0.875,0.367,0.4065));
#5366=CARTESIAN_POINT('',(0.9575,0.367,0.813));
#5367=CARTESIAN_POINT('',(0.9575,0.367,0.4065));
#5368=CARTESIAN_POINT('Origin',(0.875,0.367,0.813));
#5369=CARTESIAN_POINT('Origin',(1.3125,0.484,0.125));
#5370=CARTESIAN_POINT('',(1.75,0.609,0.34150635094611));
#5371=CARTESIAN_POINT('',(1.625,0.734,0.125));
#5372=CARTESIAN_POINT('Origin',(1.875,0.484,0.125));
#5373=CARTESIAN_POINT('',(0.125,0.734,0.125));
#5374=CARTESIAN_POINT('',(1.3125,0.734,0.125));
#5375=CARTESIAN_POINT('',(0.,0.609,0.34150635094611));
#5376=CARTESIAN_POINT('Origin',(-0.125,0.484,0.125));
#5377=CARTESIAN_POINT('',(7.0989457925664E-34,0.484,0.375));
#5378=CARTESIAN_POINT('Origin',(0.,0.484,0.125));
#5379=CARTESIAN_POINT('',(0.0159999999999997,0.484,0.375));
#5380=CARTESIAN_POINT('',(1.3125,0.484,0.375));
#5381=CARTESIAN_POINT('',(0.125,0.593,0.349986666271581));
#5382=CARTESIAN_POINT('Origin',(0.0159999999999997,0.484,0.125));
#5383=CARTESIAN_POINT('',(1.625,0.593,0.349986666271581));
#5384=CARTESIAN_POINT('',(1.3125,0.593,0.349986666271581));
#5385=CARTESIAN_POINT('',(1.734,0.484,0.375));
#5386=CARTESIAN_POINT('Origin',(1.734,0.484,0.125));
#5387=CARTESIAN_POINT('',(1.75,0.484,0.375));
#5388=CARTESIAN_POINT('',(1.3125,0.484,0.375));
#5389=CARTESIAN_POINT('Origin',(1.75,0.484,0.125));
#5390=CARTESIAN_POINT('Origin',(0.875,0.6635,0.375));
#5391=CARTESIAN_POINT('',(0.,0.468,0.375));
#5392=CARTESIAN_POINT('',(0.,0.69875,0.375));
#5393=CARTESIAN_POINT('',(0.298875,0.766875,0.375));
#5394=CARTESIAN_POINT('Origin',(-2.42636843387368E-33,0.734,0.));
#5395=CARTESIAN_POINT('',(-2.01315855072081E-33,0.609,0.));
#5396=CARTESIAN_POINT('',(0.,0.609,0.));
#5397=CARTESIAN_POINT('',(-4.13209883152875E-34,0.125,0.));
#5398=CARTESIAN_POINT('',(-2.42636843387368E-33,0.734,0.));
#5399=CARTESIAN_POINT('',(0.,0.125,0.34150635094611));
#5400=CARTESIAN_POINT('',(0.,0.125,0.));
#5401=CARTESIAN_POINT('',(5.03289637680202E-34,0.25,0.375));
#5402=CARTESIAN_POINT('Origin',(0.,0.25,0.125));
#5403=CARTESIAN_POINT('',(0.,0.266,0.375));
#5404=CARTESIAN_POINT('',(0.,0.40225,0.375));
#5405=CARTESIAN_POINT('',(-8.79310631349318E-34,0.266,0.813));
#5406=CARTESIAN_POINT('',(0.,0.266,0.4065));
#5407=CARTESIAN_POINT('',(-1.54705780252437E-33,0.468,0.813));
#5408=CARTESIAN_POINT('',(-2.42636843387368E-33,0.734,0.813));
#5409=CARTESIAN_POINT('',(0.,0.468,0.4065));
#5410=CARTESIAN_POINT('Origin',(0.4375,0.25,0.125));
#5411=CARTESIAN_POINT('',(0.125,0.,0.125));
#5412=CARTESIAN_POINT('Origin',(-0.125,0.25,0.125));
#5413=CARTESIAN_POINT('',(1.625,0.,0.125));
#5414=CARTESIAN_POINT('',(0.4375,0.,0.125));
#5415=CARTESIAN_POINT('',(1.75,0.125,0.34150635094611));
#5416=CARTESIAN_POINT('Origin',(1.875,0.25,0.125));
#5417=CARTESIAN_POINT('',(1.75,0.25,0.375));
#5418=CARTESIAN_POINT('Origin',(1.75,0.25,0.125));
#5419=CARTESIAN_POINT('',(1.734,0.25,0.375));
#5420=CARTESIAN_POINT('',(0.4375,0.25,0.375));
#5421=CARTESIAN_POINT('',(1.625,0.141,0.349986666271582));
#5422=CARTESIAN_POINT('Origin',(1.734,0.25,0.125));
#5423=CARTESIAN_POINT('',(0.125,0.141,0.349986666271582));
#5424=CARTESIAN_POINT('',(0.4375,0.141,0.349986666271582));
#5425=CARTESIAN_POINT('',(0.0159999999999999,0.25,0.375));
#5426=CARTESIAN_POINT('Origin',(0.0159999999999999,0.25,0.125));
#5427=CARTESIAN_POINT('',(0.4375,0.25,0.375));
#5428=CARTESIAN_POINT('Origin',(0.875,0.0705,0.375));
#5429=CARTESIAN_POINT('',(1.75,0.266,0.375));
#5430=CARTESIAN_POINT('',(1.75,0.03525,0.375));
#5431=CARTESIAN_POINT('',(1.451125,-0.0328750000000001,0.375));
#5432=CARTESIAN_POINT('Origin',(1.75,0.,0.));
#5433=CARTESIAN_POINT('',(1.75,0.468,0.375));
#5434=CARTESIAN_POINT('',(1.75,0.33175,0.375));
#5435=CARTESIAN_POINT('',(1.75,0.468,0.813));
#5436=CARTESIAN_POINT('',(1.75,0.468,0.4065));
#5437=CARTESIAN_POINT('',(1.75,0.266,0.813));
#5438=CARTESIAN_POINT('',(1.75,0.,0.813));
#5439=CARTESIAN_POINT('',(1.75,0.266,0.4065));
#5440=CARTESIAN_POINT('',(1.75,0.125,0.));
#5441=CARTESIAN_POINT('',(1.75,0.125,0.));
#5442=CARTESIAN_POINT('',(1.75,0.609,0.));
#5443=CARTESIAN_POINT('',(1.75,0.,0.));
#5444=CARTESIAN_POINT('',(1.75,0.609,0.));
#5445=CARTESIAN_POINT('Origin',(0.0625,0.0625,0.));
#5446=CARTESIAN_POINT('',(0.125,0.,0.));
#5447=CARTESIAN_POINT('',(0.1895,-0.0645000000000001,0.));
#5448=CARTESIAN_POINT('',(0.125,0.,0.));
#5449=CARTESIAN_POINT('Origin',(0.875,0.367,0.));
#5450=CARTESIAN_POINT('',(0.125,0.734,0.));
#5451=CARTESIAN_POINT('',(0.1895,0.7985,0.));
#5452=CARTESIAN_POINT('',(1.625,0.734,0.));
#5453=CARTESIAN_POINT('',(1.75,0.734,0.));
#5454=CARTESIAN_POINT('',(1.5605,0.7985,0.));
#5455=CARTESIAN_POINT('',(1.625,0.,0.));
#5456=CARTESIAN_POINT('',(1.5605,-0.0645000000000001,0.));
#5457=CARTESIAN_POINT('',(0.,0.,0.));
#5458=CARTESIAN_POINT('Origin',(0.0625,0.2035,0.4065));
#5459=CARTESIAN_POINT('',(0.125,0.141,0.813));
#5460=CARTESIAN_POINT('',(0.22475,0.0412499999999999,0.813));
#5461=CARTESIAN_POINT('',(0.298875,-0.0328750000000001,0.375));
#5462=CARTESIAN_POINT('',(0.125,0.141,0.60975));
#5463=CARTESIAN_POINT('Origin',(0.,0.141,0.813));
#5464=CARTESIAN_POINT('',(1.625,0.141,0.813));
#5465=CARTESIAN_POINT('',(1.625,0.141,0.4065));
#5466=CARTESIAN_POINT('',(0.4375,0.141,0.813));
#5467=CARTESIAN_POINT('Origin',(0.0625,0.5305,0.4065));
#5468=CARTESIAN_POINT('',(0.125,0.593,0.813));
#5469=CARTESIAN_POINT('',(0.22475,0.69275,0.813));
#5470=CARTESIAN_POINT('',(0.125,0.593,0.4065));
#5471=CARTESIAN_POINT('Origin',(0.0625,0.6715,0.));
#5472=CARTESIAN_POINT('',(0.125,0.734,0.));
#5473=CARTESIAN_POINT('Origin',(1.75,0.734,0.));
#5474=CARTESIAN_POINT('',(1.625,0.734,0.));
#5475=CARTESIAN_POINT('Origin',(0.875,0.6635,0.375));
#5476=CARTESIAN_POINT('',(1.451125,0.766875,0.375));
#5477=CARTESIAN_POINT('Origin',(1.6875,0.6715,0.));
#5478=CARTESIAN_POINT('Origin',(1.6875,0.5305,0.4065));
#5479=CARTESIAN_POINT('',(1.625,0.593,0.813));
#5480=CARTESIAN_POINT('',(1.52525,0.69275,0.813));
#5481=CARTESIAN_POINT('',(1.625,0.593,0.60975));
#5482=CARTESIAN_POINT('Origin',(1.75,0.593,0.813));
#5483=CARTESIAN_POINT('',(1.3125,0.593,0.813));
#5484=CARTESIAN_POINT('Origin',(1.6875,0.0625,0.));
#5485=CARTESIAN_POINT('',(1.625,0.,0.));
#5486=CARTESIAN_POINT('Origin',(0.875,0.0705,0.375));
#5487=CARTESIAN_POINT('Origin',(1.6875,0.2035,0.4065));
#5488=CARTESIAN_POINT('',(1.52525,0.0412499999999999,0.813));
#5489=CARTESIAN_POINT('Origin',(0.,0.,0.));
#5490=CARTESIAN_POINT('Origin',(0.875,0.367,0.813));
#5491=CARTESIAN_POINT('',(0.,0.,0.));
#5492=CARTESIAN_POINT('Origin',(-1.0978572039072,0.367,0.));
#5493=CARTESIAN_POINT('',(-1.0978572039072,0.367,0.));
#5494=CARTESIAN_POINT('',(-0.986428601953598,0.174,0.));
#5495=CARTESIAN_POINT('',(-1.0700000534188,0.31875,0.));
#5496=CARTESIAN_POINT('',(-1.0978572039072,0.367,0.255));
#5497=CARTESIAN_POINT('',(-1.0978572039072,0.367,0.));
#5498=CARTESIAN_POINT('',(-0.986428601953598,0.174,0.255));
#5499=CARTESIAN_POINT('',(-0.986428601953598,0.174,0.255));
#5500=CARTESIAN_POINT('',(-0.986428601953598,0.174,0.));
#5501=CARTESIAN_POINT('Origin',(-0.986428601953598,0.56,0.));
#5502=CARTESIAN_POINT('',(-0.986428601953598,0.56,0.));
#5503=CARTESIAN_POINT('',(-1.014285752442,0.51175,0.));
#5504=CARTESIAN_POINT('',(-0.986428601953598,0.56,0.255));
#5505=CARTESIAN_POINT('',(-0.986428601953598,0.56,0.));
#5506=CARTESIAN_POINT('',(-1.0978572039072,0.367,0.255));
#5507=CARTESIAN_POINT('Origin',(-0.763571398046402,0.56,0.));
#5508=CARTESIAN_POINT('',(-0.763571398046402,0.56,0.));
#5509=CARTESIAN_POINT('',(-0.819285699023201,0.56,0.));
#5510=CARTESIAN_POINT('',(-0.763571398046402,0.56,0.255));
#5511=CARTESIAN_POINT('',(-0.763571398046402,0.56,0.));
#5512=CARTESIAN_POINT('',(-0.986428601953598,0.56,0.255));
#5513=CARTESIAN_POINT('Origin',(-0.652142796092804,0.367,0.));
#5514=CARTESIAN_POINT('',(-0.652142796092804,0.367,0.));
#5515=CARTESIAN_POINT('',(-0.679999946581204,0.41525,0.));
#5516=CARTESIAN_POINT('',(-0.652142796092804,0.367,0.255));
#5517=CARTESIAN_POINT('',(-0.652142796092804,0.367,0.));
#5518=CARTESIAN_POINT('',(-0.763571398046402,0.56,0.255));
#5519=CARTESIAN_POINT('Origin',(-0.763571398046402,0.174,0.));
#5520=CARTESIAN_POINT('',(-0.763571398046402,0.174,0.));
#5521=CARTESIAN_POINT('',(-0.735714247558003,0.22225,0.));
#5522=CARTESIAN_POINT('',(-0.763571398046402,0.174,0.255));
#5523=CARTESIAN_POINT('',(-0.763571398046402,0.174,0.));
#5524=CARTESIAN_POINT('',(-0.652142796092804,0.367,0.255));
#5525=CARTESIAN_POINT('Origin',(-0.986428601953598,0.174,0.));
#5526=CARTESIAN_POINT('',(-0.930714300976799,0.174,0.));
#5527=CARTESIAN_POINT('',(-0.763571398046402,0.174,0.255));
#5528=CARTESIAN_POINT('Origin',(-0.875,0.367,0.255));
#5529=CARTESIAN_POINT('',(-0.9635,0.367,0.255));
#5530=CARTESIAN_POINT('Origin',(-0.875,0.367,0.255));
#5531=CARTESIAN_POINT('Origin',(-0.875,0.367,0.422));
#5532=CARTESIAN_POINT('',(-0.9635,0.367,0.844));
#5533=CARTESIAN_POINT('Origin',(-0.875,0.367,0.844));
#5534=CARTESIAN_POINT('',(-0.9635,0.367,0.422));
#5535=CARTESIAN_POINT('Origin',(-1.6875,0.6715,0.));
#5536=CARTESIAN_POINT('',(-1.75,0.609,0.355));
#5537=CARTESIAN_POINT('',(-1.625,0.734,0.355));
#5538=CARTESIAN_POINT('',(-1.486375,0.872625,0.355));
#5539=CARTESIAN_POINT('',(-1.625,0.734,0.));
#5540=CARTESIAN_POINT('',(-1.625,0.734,0.));
#5541=CARTESIAN_POINT('',(-1.75,0.609,0.));
#5542=CARTESIAN_POINT('',(-1.5605,0.7985,0.));
#5543=CARTESIAN_POINT('',(-1.75,0.609,0.));
#5544=CARTESIAN_POINT('Origin',(-0.875,0.6635,0.355));
#5545=CARTESIAN_POINT('',(-1.75,0.468,0.355));
#5546=CARTESIAN_POINT('',(-1.75,0.69875,0.355));
#5547=CARTESIAN_POINT('',(-1.625,0.593,0.355));
#5548=CARTESIAN_POINT('',(-1.451125,0.766875,0.355));
#5549=CARTESIAN_POINT('',(-0.125,0.593,0.355));
#5550=CARTESIAN_POINT('',(-1.75,0.593,0.355));
#5551=CARTESIAN_POINT('',(-2.18547839493141E-17,0.468,0.355));
#5552=CARTESIAN_POINT('',(-0.298875,0.766875,0.355));
#5553=CARTESIAN_POINT('',(-1.69766662531802E-17,0.609,0.355));
#5554=CARTESIAN_POINT('',(0.,0.33175,0.355));
#5555=CARTESIAN_POINT('',(-0.125,0.734,0.355));
#5556=CARTESIAN_POINT('',(-0.263625,0.872625,0.355));
#5557=CARTESIAN_POINT('',(-0.4375,0.734,0.355));
#5558=CARTESIAN_POINT('Origin',(-1.75,0.734,0.));
#5559=CARTESIAN_POINT('',(-1.75,0.125,0.));
#5560=CARTESIAN_POINT('',(-1.75,0.,0.));
#5561=CARTESIAN_POINT('',(-1.75,0.125,0.355));
#5562=CARTESIAN_POINT('',(-1.75,0.125,0.));
#5563=CARTESIAN_POINT('',(-1.75,0.266,0.355));
#5564=CARTESIAN_POINT('',(-1.75,0.40225,0.355));
#5565=CARTESIAN_POINT('',(-1.75,0.266,0.844));
#5566=CARTESIAN_POINT('',(-1.75,0.266,0.422));
#5567=CARTESIAN_POINT('',(-1.75,0.468,0.844));
#5568=CARTESIAN_POINT('',(-1.75,0.,0.844));
#5569=CARTESIAN_POINT('',(-1.75,0.468,0.422));
#5570=CARTESIAN_POINT('Origin',(-1.6875,0.5305,0.422));
#5571=CARTESIAN_POINT('',(-1.625,0.593,0.844));
#5572=CARTESIAN_POINT('',(-1.52525,0.69275,0.844));
#5573=CARTESIAN_POINT('',(-1.625,0.593,0.422));
#5574=CARTESIAN_POINT('Origin',(-0.875,0.367,0.844));
#5575=CARTESIAN_POINT('',(-1.625,0.141,0.844));
#5576=CARTESIAN_POINT('',(-1.52525,0.0412500000000001,0.844));
#5577=CARTESIAN_POINT('',(-0.125,0.141,0.844));
#5578=CARTESIAN_POINT('',(-1.3125,0.141,0.844));
#5579=CARTESIAN_POINT('',(-1.62878024286598E-17,0.266,0.844));
#5580=CARTESIAN_POINT('',(-0.22475,0.04125,0.844));
#5581=CARTESIAN_POINT('',(-2.86567351000481E-17,0.468,0.844));
#5582=CARTESIAN_POINT('',(-4.49445375287079E-17,0.734,0.844));
#5583=CARTESIAN_POINT('',(-0.125,0.593,0.844));
#5584=CARTESIAN_POINT('',(-0.22475,0.69275,0.844));
#5585=CARTESIAN_POINT('',(-0.4375,0.593,0.844));
#5586=CARTESIAN_POINT('Origin',(-1.6875,0.2035,0.422));
#5587=CARTESIAN_POINT('',(-1.625,0.141,0.355));
#5588=CARTESIAN_POINT('',(-1.451125,-0.0328750000000001,0.355));
#5589=CARTESIAN_POINT('',(-1.625,0.141,0.422));
#5590=CARTESIAN_POINT('Origin',(-1.75,0.141,0.844));
#5591=CARTESIAN_POINT('',(-0.125,0.141,0.355));
#5592=CARTESIAN_POINT('',(-1.75,0.141,0.355));
#5593=CARTESIAN_POINT('',(-0.125,0.141,0.422));
#5594=CARTESIAN_POINT('Origin',(-1.6875,0.0625,0.));
#5595=CARTESIAN_POINT('',(-1.625,0.,0.355));
#5596=CARTESIAN_POINT('',(-1.486375,-0.138625,0.355));
#5597=CARTESIAN_POINT('',(-1.625,0.,0.));
#5598=CARTESIAN_POINT('',(-1.5605,-0.0644999999999998,0.));
#5599=CARTESIAN_POINT('',(-1.625,0.,0.));
#5600=CARTESIAN_POINT('Origin',(-0.875,0.0705,0.355));
#5601=CARTESIAN_POINT('',(-0.125,0.,0.355));
#5602=CARTESIAN_POINT('',(-1.3125,0.,0.355));
#5603=CARTESIAN_POINT('',(-5.49560251117375E-18,0.125,0.355));
#5604=CARTESIAN_POINT('',(-0.263625,-0.138625,0.355));
#5605=CARTESIAN_POINT('',(-2.18547839493141E-17,0.266,0.355));
#5606=CARTESIAN_POINT('',(0.,0.03525,0.355));
#5607=CARTESIAN_POINT('',(-0.298875,-0.0328750000000001,0.355));
#5608=CARTESIAN_POINT('Origin',(-0.0625,0.6715,0.));
#5609=CARTESIAN_POINT('',(-3.72904950340369E-17,0.609,0.));
#5610=CARTESIAN_POINT('',(-4.37095678986282E-17,0.609,0.));
#5611=CARTESIAN_POINT('',(-0.125,0.734,0.));
#5612=CARTESIAN_POINT('',(-0.1895,0.7985,0.));
#5613=CARTESIAN_POINT('',(-0.125,0.734,0.));
#5614=CARTESIAN_POINT('Origin',(-0.875,0.367,0.));
#5615=CARTESIAN_POINT('',(-1.75,0.734,0.));
#5616=CARTESIAN_POINT('',(-7.65404249467096E-18,0.125,0.));
#5617=CARTESIAN_POINT('',(-4.49445375287079E-17,0.734,0.));
#5618=CARTESIAN_POINT('',(-0.125,0.,0.));
#5619=CARTESIAN_POINT('',(-0.1895,-0.0645000000000001,0.));
#5620=CARTESIAN_POINT('',(0.,0.,0.));
#5621=CARTESIAN_POINT('Origin',(0.,0.,0.));
#5622=CARTESIAN_POINT('',(-2.18547839493141E-17,0.468,0.422));
#5623=CARTESIAN_POINT('',(-2.18547839493141E-17,0.266,0.422));
#5624=CARTESIAN_POINT('',(0.,0.125,0.));
#5625=CARTESIAN_POINT('Origin',(-0.0625,0.0625,0.));
#5626=CARTESIAN_POINT('',(-0.125,0.,0.));
#5627=CARTESIAN_POINT('Origin',(-0.0625,0.5305,0.422));
#5628=CARTESIAN_POINT('',(-0.125,0.593,0.422));
#5629=CARTESIAN_POINT('Origin',(-0.0625,0.2035,0.422));
#5630=CARTESIAN_POINT('Origin',(0.,0.593,0.844));
#5631=CARTESIAN_POINT('Origin',(-1.75,0.,0.));
#5632=CARTESIAN_POINT('Origin',(0.,0.734,0.));
#5633=CARTESIAN_POINT('',(0.,0.,0.));
#5634=CARTESIAN_POINT('Origin',(0.249637894549838,0.25028584642176,0.));
#5635=CARTESIAN_POINT('',(0.166137894549838,0.25028584642176,0.8));
#5636=CARTESIAN_POINT('Origin',(0.249637894549838,0.25028584642176,0.8));
#5637=CARTESIAN_POINT('',(0.166137894549838,0.25028584642176,0.));
#5638=CARTESIAN_POINT('',(0.166137894549838,0.25028584642176,0.));
#5639=CARTESIAN_POINT('Origin',(0.249637894549838,0.25028584642176,0.));
#5640=CARTESIAN_POINT('Origin',(0.249637894549838,0.25028584642176,0.8));
#5641=CARTESIAN_POINT('Origin',(0.249637894549838,0.25028584642176,0.));
#5642=CARTESIAN_POINT('',(0.,0.,0.));
#5643=CARTESIAN_POINT('Origin',(0.249637894549838,0.25028584642176,0.865));
#5644=CARTESIAN_POINT('',(0.176137894549838,0.25028584642176,0.925));
#5645=CARTESIAN_POINT('Origin',(0.249637894549838,0.25028584642176,0.925));
#5646=CARTESIAN_POINT('',(0.116137894549838,0.25028584642176,0.865));
#5647=CARTESIAN_POINT('Origin',(0.176137894549838,0.25028584642176,0.865));
#5648=CARTESIAN_POINT('',(0.383137894549838,0.25028584642176,0.865));
#5649=CARTESIAN_POINT('Origin',(0.249637894549838,0.25028584642176,0.865));
#5650=CARTESIAN_POINT('Origin',(0.249637894549838,0.25028584642176,0.865));
#5651=CARTESIAN_POINT('Origin',(0.249637894549838,0.25028584642176,0.8));
#5652=CARTESIAN_POINT('',(0.383137894549838,0.25028584642176,0.8));
#5653=CARTESIAN_POINT('',(0.383137894549838,0.25028584642176,0.8));
#5654=CARTESIAN_POINT('Origin',(0.249637894549838,0.25028584642176,0.8));
#5655=CARTESIAN_POINT('Origin',(0.249637894549838,0.25028584642176,0.925));
#5656=CARTESIAN_POINT('Origin',(0.249637894549838,0.25028584642176,0.8));
#5657=CARTESIAN_POINT('',(0.166137894549838,0.25028584642176,0.8));
#5658=CARTESIAN_POINT('Origin',(0.249637894549838,0.25028584642176,0.8));
#5659=CARTESIAN_POINT('Origin',(0.249637894549838,0.25028584642176,0.));
#5660=CARTESIAN_POINT('',(0.166137894549838,0.25028584642176,0.));
#5661=CARTESIAN_POINT('',(0.166137894549838,0.25028584642176,0.));
#5662=CARTESIAN_POINT('Origin',(0.249637894549838,0.25028584642176,0.));
#5663=CARTESIAN_POINT('Origin',(0.249637894549838,0.25028584642176,0.));
#5664=CARTESIAN_POINT('',(0.,0.,0.));
#5665=CARTESIAN_POINT('Origin',(0.25,0.25,0.24));
#5666=CARTESIAN_POINT('',(0.3385,0.25,-0.76));
#5667=CARTESIAN_POINT('Origin',(0.25,0.25,-0.76));
#5668=CARTESIAN_POINT('',(0.3385,0.25,0.));
#5669=CARTESIAN_POINT('',(0.3385,0.25,0.24));
#5670=CARTESIAN_POINT('Origin',(0.25,0.25,0.));
#5671=CARTESIAN_POINT('Origin',(0.25,0.25,-0.76));
#5672=CARTESIAN_POINT('Origin',(1.25,0.25,0.12));
#5673=CARTESIAN_POINT('',(1.1615,0.25,0.24));
#5674=CARTESIAN_POINT('Origin',(1.25,0.25,0.24));
#5675=CARTESIAN_POINT('',(1.1615,0.25,0.));
#5676=CARTESIAN_POINT('',(1.1615,0.25,0.12));
#5677=CARTESIAN_POINT('Origin',(1.25,0.25,0.));
#5678=CARTESIAN_POINT('Origin',(2.25,0.25,0.12));
#5679=CARTESIAN_POINT('',(2.1615,0.25,0.24));
#5680=CARTESIAN_POINT('Origin',(2.25,0.25,0.24));
#5681=CARTESIAN_POINT('',(2.1615,0.25,0.));
#5682=CARTESIAN_POINT('',(2.1615,0.25,0.12));
#5683=CARTESIAN_POINT('Origin',(2.25,0.25,0.));
#5684=CARTESIAN_POINT('Origin',(3.75,0.25,0.12));
#5685=CARTESIAN_POINT('',(3.6615,0.25,0.24));
#5686=CARTESIAN_POINT('Origin',(3.75,0.25,0.24));
#5687=CARTESIAN_POINT('',(3.6615,0.25,0.));
#5688=CARTESIAN_POINT('',(3.6615,0.25,0.12));
#5689=CARTESIAN_POINT('Origin',(3.75,0.25,0.));
#5690=CARTESIAN_POINT('Origin',(4.75,0.25,0.12));
#5691=CARTESIAN_POINT('',(4.6615,0.25,0.24));
#5692=CARTESIAN_POINT('Origin',(4.75,0.25,0.24));
#5693=CARTESIAN_POINT('',(4.6615,0.25,0.));
#5694=CARTESIAN_POINT('',(4.6615,0.25,0.12));
#5695=CARTESIAN_POINT('Origin',(4.75,0.25,0.));
#5696=CARTESIAN_POINT('Origin',(4.25,0.25,0.12));
#5697=CARTESIAN_POINT('',(4.1615,0.25,0.24));
#5698=CARTESIAN_POINT('Origin',(4.25,0.25,0.24));
#5699=CARTESIAN_POINT('',(4.1615,0.25,0.));
#5700=CARTESIAN_POINT('',(4.1615,0.25,0.12));
#5701=CARTESIAN_POINT('Origin',(4.25,0.25,0.));
#5702=CARTESIAN_POINT('Origin',(3.25,0.25,0.12));
#5703=CARTESIAN_POINT('',(3.1615,0.25,0.24));
#5704=CARTESIAN_POINT('Origin',(3.25,0.25,0.24));
#5705=CARTESIAN_POINT('',(3.1615,0.25,0.));
#5706=CARTESIAN_POINT('',(3.1615,0.25,0.12));
#5707=CARTESIAN_POINT('Origin',(3.25,0.25,0.));
#5708=CARTESIAN_POINT('Origin',(2.75,0.25,0.12));
#5709=CARTESIAN_POINT('',(2.6615,0.25,0.24));
#5710=CARTESIAN_POINT('Origin',(2.75,0.25,0.24));
#5711=CARTESIAN_POINT('',(2.6615,0.25,0.));
#5712=CARTESIAN_POINT('',(2.6615,0.25,0.12));
#5713=CARTESIAN_POINT('Origin',(2.75,0.25,0.));
#5714=CARTESIAN_POINT('Origin',(1.75,0.25,0.12));
#5715=CARTESIAN_POINT('',(1.6615,0.25,0.24));
#5716=CARTESIAN_POINT('Origin',(1.75,0.25,0.24));
#5717=CARTESIAN_POINT('',(1.6615,0.25,0.));
#5718=CARTESIAN_POINT('',(1.6615,0.25,0.12));
#5719=CARTESIAN_POINT('Origin',(1.75,0.25,0.));
#5720=CARTESIAN_POINT('Origin',(0.75,0.25,0.12));
#5721=CARTESIAN_POINT('',(0.6615,0.25,0.24));
#5722=CARTESIAN_POINT('Origin',(0.75,0.25,0.24));
#5723=CARTESIAN_POINT('',(0.6615,0.25,0.));
#5724=CARTESIAN_POINT('',(0.6615,0.25,0.12));
#5725=CARTESIAN_POINT('Origin',(0.75,0.25,0.));
#5726=CARTESIAN_POINT('Origin',(2.5,0.25,0.));
#5727=CARTESIAN_POINT('',(0.25,0.5,0.));
#5728=CARTESIAN_POINT('',(0.25,0.,0.));
#5729=CARTESIAN_POINT('Origin',(0.25,0.25,0.));
#5730=CARTESIAN_POINT('',(4.75,0.5,0.));
#5731=CARTESIAN_POINT('',(5.,0.5,0.));
#5732=CARTESIAN_POINT('',(4.75,0.,0.));
#5733=CARTESIAN_POINT('Origin',(4.75,0.25,0.));
#5734=CARTESIAN_POINT('',(0.,0.,0.));
#5735=CARTESIAN_POINT('Origin',(0.25,0.25,0.));
#5736=CARTESIAN_POINT('',(0.25,0.,0.24));
#5737=CARTESIAN_POINT('',(0.25,0.5,0.24));
#5738=CARTESIAN_POINT('Origin',(0.25,0.25,0.24));
#5739=CARTESIAN_POINT('',(0.25,0.5,0.));
#5740=CARTESIAN_POINT('',(0.25,0.,0.));
#5741=CARTESIAN_POINT('Origin',(4.75,0.25,0.));
#5742=CARTESIAN_POINT('',(4.75,0.5,0.24));
#5743=CARTESIAN_POINT('',(4.75,0.,0.24));
#5744=CARTESIAN_POINT('Origin',(4.75,0.25,0.24));
#5745=CARTESIAN_POINT('',(4.75,0.,0.));
#5746=CARTESIAN_POINT('',(4.75,0.5,0.));
#5747=CARTESIAN_POINT('Origin',(1.34690505075512E-49,0.,0.));
#5748=CARTESIAN_POINT('',(0.,0.,0.24));
#5749=CARTESIAN_POINT('Origin',(5.,0.5,0.));
#5750=CARTESIAN_POINT('',(5.,0.5,0.24));
#5751=CARTESIAN_POINT('Origin',(2.5,0.25,0.24));
#5752=CARTESIAN_POINT('',(0.,0.,0.));
#5753=CARTESIAN_POINT('',(-2.125,-4.25,0.5));
#5754=CARTESIAN_POINT('',(-2.4845,-2.63230628374789,0.5));
#5755=CARTESIAN_POINT('',(0.8455391955534,-2.4995,0.500000000000001));
#5756=CARTESIAN_POINT('',(-1.76635739636144,-3.54806110216557,1.51300000000001));
#5757=CARTESIAN_POINT('',(0.266751329086352,-2.32542603572924,0.784000000000007));
#5758=CARTESIAN_POINT('',(-4.13421590437287,-4.53582801956565,1.58399999999989));
#5759=UNCERTAINTY_MEASURE_WITH_UNIT(LENGTH_MEASURE(0.000393700787401575),
#5784,'DISTANCE_ACCURACY_VALUE',
'Maximum model space distance between geometric entities at asserted c
onnectivities');
#5760=UNCERTAINTY_MEASURE_WITH_UNIT(LENGTH_MEASURE(0.000393700787401575),
#5784,'DISTANCE_ACCURACY_VALUE',
'Maximum model space distance between geometric entities at asserted c
onnectivities');
#5761=UNCERTAINTY_MEASURE_WITH_UNIT(LENGTH_MEASURE(0.000393700787401575),
#5784,'DISTANCE_ACCURACY_VALUE',
'Maximum model space distance between geometric entities at asserted c
onnectivities');
#5762=UNCERTAINTY_MEASURE_WITH_UNIT(LENGTH_MEASURE(0.000393700787401575),
#5784,'DISTANCE_ACCURACY_VALUE',
'Maximum model space distance between geometric entities at asserted c
onnectivities');
#5763=UNCERTAINTY_MEASURE_WITH_UNIT(LENGTH_MEASURE(0.000393700787401575),
#5784,'DISTANCE_ACCURACY_VALUE',
'Maximum model space distance between geometric entities at asserted c
onnectivities');
#5764=UNCERTAINTY_MEASURE_WITH_UNIT(LENGTH_MEASURE(0.000393700787401575),
#5784,'DISTANCE_ACCURACY_VALUE',
'Maximum model space distance between geometric entities at asserted c
onnectivities');
#5765=UNCERTAINTY_MEASURE_WITH_UNIT(LENGTH_MEASURE(0.000393700787401575),
#5784,'DISTANCE_ACCURACY_VALUE',
'Maximum model space distance between geometric entities at asserted c
onnectivities');
#5766=UNCERTAINTY_MEASURE_WITH_UNIT(LENGTH_MEASURE(0.000393700787401575),
#5784,'DISTANCE_ACCURACY_VALUE',
'Maximum model space distance between geometric entities at asserted c
onnectivities');
#5767=UNCERTAINTY_MEASURE_WITH_UNIT(LENGTH_MEASURE(0.000393700787401575),
#5784,'DISTANCE_ACCURACY_VALUE',
'Maximum model space distance between geometric entities at asserted c
onnectivities');
#5768=UNCERTAINTY_MEASURE_WITH_UNIT(LENGTH_MEASURE(0.000393700787401575),
#5784,'DISTANCE_ACCURACY_VALUE',
'Maximum model space distance between geometric entities at asserted c
onnectivities');
#5769=UNCERTAINTY_MEASURE_WITH_UNIT(LENGTH_MEASURE(0.000393700787401575),
#5784,'DISTANCE_ACCURACY_VALUE',
'Maximum model space distance between geometric entities at asserted c
onnectivities');
#5770=UNCERTAINTY_MEASURE_WITH_UNIT(LENGTH_MEASURE(0.000393700787401575),
#5784,'DISTANCE_ACCURACY_VALUE',
'Maximum model space distance between geometric entities at asserted c
onnectivities');
#5771=(
GEOMETRIC_REPRESENTATION_CONTEXT(3)
GLOBAL_UNCERTAINTY_ASSIGNED_CONTEXT((#5759))
GLOBAL_UNIT_ASSIGNED_CONTEXT((#5784,#5788,#5789))
REPRESENTATION_CONTEXT('','3D')
);
#5772=(
GEOMETRIC_REPRESENTATION_CONTEXT(3)
GLOBAL_UNCERTAINTY_ASSIGNED_CONTEXT((#5760))
GLOBAL_UNIT_ASSIGNED_CONTEXT((#5784,#5788,#5789))
REPRESENTATION_CONTEXT('','3D')
);
#5773=(
GEOMETRIC_REPRESENTATION_CONTEXT(3)
GLOBAL_UNCERTAINTY_ASSIGNED_CONTEXT((#5761))
GLOBAL_UNIT_ASSIGNED_CONTEXT((#5784,#5788,#5789))
REPRESENTATION_CONTEXT('','3D')
);
#5774=(
GEOMETRIC_REPRESENTATION_CONTEXT(3)
GLOBAL_UNCERTAINTY_ASSIGNED_CONTEXT((#5762))
GLOBAL_UNIT_ASSIGNED_CONTEXT((#5784,#5788,#5789))
REPRESENTATION_CONTEXT('','3D')
);
#5775=(
GEOMETRIC_REPRESENTATION_CONTEXT(3)
GLOBAL_UNCERTAINTY_ASSIGNED_CONTEXT((#5763))
GLOBAL_UNIT_ASSIGNED_CONTEXT((#5784,#5788,#5789))
REPRESENTATION_CONTEXT('','3D')
);
#5776=(
GEOMETRIC_REPRESENTATION_CONTEXT(3)
GLOBAL_UNCERTAINTY_ASSIGNED_CONTEXT((#5764))
GLOBAL_UNIT_ASSIGNED_CONTEXT((#5784,#5788,#5789))
REPRESENTATION_CONTEXT('','3D')
);
#5777=(
GEOMETRIC_REPRESENTATION_CONTEXT(3)
GLOBAL_UNCERTAINTY_ASSIGNED_CONTEXT((#5765))
GLOBAL_UNIT_ASSIGNED_CONTEXT((#5784,#5788,#5789))
REPRESENTATION_CONTEXT('','3D')
);
#5778=(
GEOMETRIC_REPRESENTATION_CONTEXT(3)
GLOBAL_UNCERTAINTY_ASSIGNED_CONTEXT((#5766))
GLOBAL_UNIT_ASSIGNED_CONTEXT((#5784,#5788,#5789))
REPRESENTATION_CONTEXT('','3D')
);
#5779=(
GEOMETRIC_REPRESENTATION_CONTEXT(3)
GLOBAL_UNCERTAINTY_ASSIGNED_CONTEXT((#5767))
GLOBAL_UNIT_ASSIGNED_CONTEXT((#5784,#5788,#5789))
REPRESENTATION_CONTEXT('','3D')
);
#5780=(
GEOMETRIC_REPRESENTATION_CONTEXT(3)
GLOBAL_UNCERTAINTY_ASSIGNED_CONTEXT((#5768))
GLOBAL_UNIT_ASSIGNED_CONTEXT((#5784,#5788,#5789))
REPRESENTATION_CONTEXT('','3D')
);
#5781=(
GEOMETRIC_REPRESENTATION_CONTEXT(3)
GLOBAL_UNCERTAINTY_ASSIGNED_CONTEXT((#5769))
GLOBAL_UNIT_ASSIGNED_CONTEXT((#5784,#5788,#5789))
REPRESENTATION_CONTEXT('','3D')
);
#5782=(
GEOMETRIC_REPRESENTATION_CONTEXT(3)
GLOBAL_UNCERTAINTY_ASSIGNED_CONTEXT((#5770))
GLOBAL_UNIT_ASSIGNED_CONTEXT((#5784,#5788,#5789))
REPRESENTATION_CONTEXT('','3D')
);
#5783=DIMENSIONAL_EXPONENTS(1.,0.,0.,0.,0.,0.,0.);
#5784=(
CONVERSION_BASED_UNIT('inch',#5787)
LENGTH_UNIT()
NAMED_UNIT(#5783)
);
#5785=(
LENGTH_UNIT()
NAMED_UNIT(*)
SI_UNIT(.MILLI.,.METRE.)
);
#5786=(
LENGTH_UNIT()
NAMED_UNIT(*)
SI_UNIT($,.METRE.)
);
#5787=LENGTH_MEASURE_WITH_UNIT(LENGTH_MEASURE(25.4),#5785);
#5788=(
NAMED_UNIT(*)
PLANE_ANGLE_UNIT()
SI_UNIT($,.RADIAN.)
);
#5789=(
NAMED_UNIT(*)
SI_UNIT($,.STERADIAN.)
SOLID_ANGLE_UNIT()
);
#5790=SHAPE_DEFINITION_REPRESENTATION(#5801,#5823);
#5791=SHAPE_DEFINITION_REPRESENTATION(#5802,#5824);
#5792=SHAPE_DEFINITION_REPRESENTATION(#5803,#5825);
#5793=SHAPE_DEFINITION_REPRESENTATION(#5804,#5826);
#5794=SHAPE_DEFINITION_REPRESENTATION(#5805,#5827);
#5795=SHAPE_DEFINITION_REPRESENTATION(#5810,#5828);
#5796=SHAPE_DEFINITION_REPRESENTATION(#5811,#5829);
#5797=SHAPE_DEFINITION_REPRESENTATION(#5812,#5830);
#5798=SHAPE_DEFINITION_REPRESENTATION(#5813,#5831);
#5799=SHAPE_DEFINITION_REPRESENTATION(#5814,#5832);
#5800=SHAPE_DEFINITION_REPRESENTATION(#5815,#5833);
#5801=PRODUCT_DEFINITION_SHAPE('',$,#5835);
#5802=PRODUCT_DEFINITION_SHAPE('',$,#5836);
#5803=PRODUCT_DEFINITION_SHAPE('',$,#5837);
#5804=PRODUCT_DEFINITION_SHAPE('',$,#5838);
#5805=PRODUCT_DEFINITION_SHAPE('',$,#5839);
#5806=PRODUCT_DEFINITION_SHAPE($,$,#53);
#5807=PRODUCT_DEFINITION_SHAPE($,$,#54);
#5808=PRODUCT_DEFINITION_SHAPE($,$,#55);
#5809=PRODUCT_DEFINITION_SHAPE($,$,#56);
#5810=PRODUCT_DEFINITION_SHAPE('',$,#5840);
#5811=PRODUCT_DEFINITION_SHAPE('',$,#5841);
#5812=PRODUCT_DEFINITION_SHAPE('',$,#5842);
#5813=PRODUCT_DEFINITION_SHAPE('',$,#5843);
#5814=PRODUCT_DEFINITION_SHAPE('',$,#5844);
#5815=PRODUCT_DEFINITION_SHAPE('',$,#5845);
#5816=PRODUCT_DEFINITION_SHAPE($,$,#57);
#5817=PRODUCT_DEFINITION_SHAPE($,$,#58);
#5818=PRODUCT_DEFINITION_SHAPE($,$,#59);
#5819=PRODUCT_DEFINITION_SHAPE($,$,#60);
#5820=PRODUCT_DEFINITION_SHAPE($,$,#61);
#5821=PRODUCT_DEFINITION_SHAPE($,$,#62);
#5822=PRODUCT_DEFINITION_SHAPE($,$,#63);
#5823=SHAPE_REPRESENTATION('',(#3539,#3828,#3829,#3830,#3831,#3832,#3833,
#3834),#5771);
#5824=SHAPE_REPRESENTATION('',(#3540,#3674,#3675),#5772);
#5825=SHAPE_REPRESENTATION('',(#3541,#3598,#3599),#5773);
#5826=SHAPE_REPRESENTATION('',(#3542),#5774);
#5827=SHAPE_REPRESENTATION('',(#3570),#5775);
#5828=SHAPE_REPRESENTATION('',(#3676),#5776);
#5829=SHAPE_REPRESENTATION('',(#3695),#5777);
#5830=SHAPE_REPRESENTATION('',(#3737),#5778);
#5831=SHAPE_REPRESENTATION('',(#3766),#5779);
#5832=SHAPE_REPRESENTATION('',(#3772),#5780);
#5833=SHAPE_REPRESENTATION('',(#3786),#5781);
#5834=PRODUCT_DEFINITION_CONTEXT('part definition',#5869,'design');
#5835=PRODUCT_DEFINITION('Assembly Prototype','Assembly Prototype',#5846,
#5834);
#5836=PRODUCT_DEFINITION('Baseplate','Baseplate',#5847,#5834);
#5837=PRODUCT_DEFINITION('Component1','Component1',#5848,#5834);
#5838=PRODUCT_DEFINITION('T24','T24',#5849,#5834);
#5839=PRODUCT_DEFINITION('Trammel T1 v0','Trammel T1 v0',#5850,#5834);
#5840=PRODUCT_DEFINITION('Trammel T3 C v0','Trammel T3 C v0',#5851,#5834);
#5841=PRODUCT_DEFINITION('Pin Slider','Pin Slider',#5852,#5834);
#5842=PRODUCT_DEFINITION('Screw Slider Block','Screw Slider Block',#5853,
#5834);
#5843=PRODUCT_DEFINITION('PIN','PIN',#5854,#5834);
#5844=PRODUCT_DEFINITION('Screw','Screw',#5855,#5834);
#5845=PRODUCT_DEFINITION('Handle','Handle',#5856,#5834);
#5846=PRODUCT_DEFINITION_FORMATION('',$,#5871);
#5847=PRODUCT_DEFINITION_FORMATION('',$,#5872);
#5848=PRODUCT_DEFINITION_FORMATION('',$,#5873);
#5849=PRODUCT_DEFINITION_FORMATION('',$,#5874);
#5850=PRODUCT_DEFINITION_FORMATION('',$,#5875);
#5851=PRODUCT_DEFINITION_FORMATION('',$,#5876);
#5852=PRODUCT_DEFINITION_FORMATION('',$,#5877);
#5853=PRODUCT_DEFINITION_FORMATION('',$,#5878);
#5854=PRODUCT_DEFINITION_FORMATION('',$,#5879);
#5855=PRODUCT_DEFINITION_FORMATION('',$,#5880);
#5856=PRODUCT_DEFINITION_FORMATION('',$,#5881);
#5857=PRODUCT_RELATED_PRODUCT_CATEGORY('Assembly Prototype',
'Assembly Prototype',(#5871));
#5858=PRODUCT_RELATED_PRODUCT_CATEGORY('Baseplate','Baseplate',(#5872));
#5859=PRODUCT_RELATED_PRODUCT_CATEGORY('Component1','Component1',(#5873));
#5860=PRODUCT_RELATED_PRODUCT_CATEGORY('T24','T24',(#5874));
#5861=PRODUCT_RELATED_PRODUCT_CATEGORY('Trammel T1 v0','Trammel T1 v0',
(#5875));
#5862=PRODUCT_RELATED_PRODUCT_CATEGORY('Trammel T3 C v0',
'Trammel T3 C v0',(#5876));
#5863=PRODUCT_RELATED_PRODUCT_CATEGORY('Pin Slider','Pin Slider',(#5877));
#5864=PRODUCT_RELATED_PRODUCT_CATEGORY('Screw Slider Block',
'Screw Slider Block',(#5878));
#5865=PRODUCT_RELATED_PRODUCT_CATEGORY('PIN','PIN',(#5879));
#5866=PRODUCT_RELATED_PRODUCT_CATEGORY('Screw','Screw',(#5880));
#5867=PRODUCT_RELATED_PRODUCT_CATEGORY('Handle','Handle',(#5881));
#5868=APPLICATION_PROTOCOL_DEFINITION('international standard',
'automotive_design',2009,#5869);
#5869=APPLICATION_CONTEXT(
'Core Data for Automotive Mechanical Design Process');
#5870=PRODUCT_CONTEXT('part definition',#5869,'mechanical');
#5871=PRODUCT('Assembly Prototype','Assembly Prototype',$,(#5870));
#5872=PRODUCT('Baseplate','Baseplate',$,(#5870));
#5873=PRODUCT('Component1','Component1',$,(#5870));
#5874=PRODUCT('T24','T24',$,(#5870));
#5875=PRODUCT('Trammel T1 v0','Trammel T1 v0',$,(#5870));
#5876=PRODUCT('Trammel T3 C v0','Trammel T3 C v0',$,(#5870));
#5877=PRODUCT('Pin Slider','Pin Slider',$,(#5870));
#5878=PRODUCT('Screw Slider Block','Screw Slider Block',$,(#5870));
#5879=PRODUCT('PIN','PIN',$,(#5870));
#5880=PRODUCT('Screw','Screw',$,(#5870));
#5881=PRODUCT('Handle','Handle',$,(#5870));
#5882=PRESENTATION_STYLE_ASSIGNMENT((#5883));
#5883=SURFACE_STYLE_USAGE(.BOTH.,#5884);
#5884=SURFACE_SIDE_STYLE('',(#5885));
#5885=SURFACE_STYLE_FILL_AREA(#5886);
#5886=FILL_AREA_STYLE('Steel - Satin',(#5887));
#5887=FILL_AREA_STYLE_COLOUR('Steel - Satin',#5888);
#5888=COLOUR_RGB('Steel - Satin',0.627450980392157,0.627450980392157,0.627450980392157);
ENDSEC;
END-ISO-10303-21;
